{"type":"FeatureCollection","features":[{"type":"Feature","properties":{"oid":20603,"mat":"Litina (Li)","dn":"100","rok":"1984","delka":"80,56","popis":"LT 100 1984","obec":"578789","ku":"754480"},"geometry":{"type":"LineString","coordinates":[[16.680651,49.791466],[16.680721,49.791414],[16.680789,49.791359],[16.680862,49.791306],[16.680935,49.79125],[16.681152,49.791074],[16.68137,49.791236]]}},{"type":"Feature","properties":{"oid":20610,"mat":"PolyVinylChlorid (PVC)","dn":"150","rok":"1988","delka":"482,436","popis":"PVC 150 1988","obec":"578789","ku":"754480"},"geometry":{"type":"LineString","coordinates":[[16.684483,49.791908],[16.684517,49.791904],[16.687958,49.79166],[16.690664,49.791354],[16.691115,49.791306]]}},{"type":"Feature","properties":{"oid":20612,"mat":"PolyVinylChlorid (PVC)","dn":"100","rok":"1980","delka":"1008,403","popis":"PVC 100 1980 - 1420m","obec":"578282","ku":"677141"},"geometry":{"type":"LineString","coordinates":[[16.661435,49.794116],[16.661436,49.794117],[16.661446,49.794118],[16.661456,49.79409],[16.661585,49.794108],[16.661618,49.794109],[16.66175,49.793949],[16.662042,49.793605],[16.662277,49.793331],[16.662553,49.793],[16.66277,49.792731],[16.662913,49.792551],[16.66307,49.792359],[16.663178,49.79221],[16.663264,49.792027],[16.66331,49.791746],[16.663264,49.791728],[16.663166,49.791646],[16.66238,49.790994],[16.662176,49.790764],[16.662011,49.79065],[16.661841,49.790461],[16.661713,49.790284],[16.661658,49.789937],[16.660951,49.78876],[16.660862,49.788403],[16.660774,49.787733],[16.660732,49.787257],[16.660718,49.787071],[16.660705,49.786789],[16.660684,49.786508],[16.660654,49.786145],[16.660643,49.786003],[16.660612,49.785884]]}},{"type":"Feature","properties":{"oid":20624,"mat":"PolyEthylen (PE)","dn":"90","rok":"2022","delka":"174,582","popis":"PE 90 2022","obec":"578789","ku":"754480"},"geometry":{"type":"LineString","coordinates":[[16.683492,49.790376],[16.683493,49.790375],[16.683494,49.790375],[16.683513,49.790355],[16.683532,49.790339],[16.683533,49.790328],[16.68352,49.790304],[16.6835,49.790256],[16.683509,49.790222],[16.683614,49.790114],[16.683677,49.790084],[16.683716,49.790061],[16.683754,49.790028],[16.683804,49.789979],[16.683857,49.789924],[16.683903,49.789881],[16.683949,49.78984],[16.683995,49.789797],[16.684046,49.789757],[16.684109,49.7897],[16.684125,49.789687],[16.68446,49.789426],[16.684681,49.789237],[16.684757,49.789161],[16.684766,49.789149],[16.684787,49.789139],[16.684816,49.789127],[16.684834,49.789119]]}},{"type":"Feature","properties":{"oid":21859,"mat":"PolyEthylen (PE)","dn":"110","rok":"2016","delka":"31,023","popis":"PE 110 2016","obec":"578789","ku":"754480"},"geometry":{"type":"LineString","coordinates":[[16.673082,49.794181],[16.673173,49.794192],[16.673275,49.794191],[16.673511,49.794181]]}},{"type":"Feature","properties":{"oid":21860,"mat":"PolyEthylen (PE)","dn":"160","rok":"2016","delka":"63,132","popis":"PE 160 2016","obec":"578789","ku":"754480"},"geometry":{"type":"LineString","coordinates":[[16.672812,49.793868],[16.67308,49.793864],[16.673277,49.793874],[16.673449,49.793884],[16.673687,49.793897]]}},{"type":"Feature","properties":{"oid":21861,"mat":"PolyEthylen (PE)","dn":"110","rok":"2017","delka":"100,894","popis":"PE 110 2017","obec":"578789","ku":"754480"},"geometry":{"type":"LineString","coordinates":[[16.674898,49.792617],[16.674836,49.792617],[16.674649,49.792613],[16.674573,49.792611],[16.674563,49.792611],[16.674441,49.79261],[16.674375,49.792606],[16.674305,49.792605],[16.674183,49.792604],[16.67409,49.792601],[16.673933,49.792602],[16.673763,49.792597],[16.673644,49.792596],[16.673528,49.792592],[16.673498,49.792591]]}},{"type":"Feature","properties":{"oid":21865,"mat":"PolyVinylChlorid (PVC)","dn":"90","rok":"1987","delka":"67,94","popis":"PVC 80 1987","obec":"578789","ku":"754471"},"geometry":{"type":"LineString","coordinates":[[16.659151,49.804045],[16.659025,49.804021],[16.65866,49.80396],[16.658514,49.803922],[16.658398,49.803888],[16.658264,49.803843]]}},{"type":"Feature","properties":{"oid":21866,"mat":"Litina (Li)","dn":"80","rok":"1987","delka":"0,83","popis":"","obec":"578789","ku":"754471"},"geometry":{"type":"LineString","coordinates":[[16.658264,49.803843],[16.658268,49.803836]]}},{"type":"Feature","properties":{"oid":21867,"mat":"PolyVinylChlorid (PVC)","dn":"90","rok":"1987","delka":"0,459","popis":"PVC 80 1987","obec":"578789","ku":"754471"},"geometry":{"type":"LineString","coordinates":[[16.656902,49.803388],[16.656903,49.803384]]}},{"type":"Feature","properties":{"oid":21868,"mat":"PolyVinylChlorid (PVC)","dn":"90","rok":"1987","delka":"105,541","popis":"PVC 80 1987","obec":"578789","ku":"754471"},"geometry":{"type":"LineString","coordinates":[[16.658192,49.803812],[16.658014,49.803722],[16.658009,49.803719],[16.657855,49.803646],[16.657692,49.803567],[16.657566,49.803526],[16.656922,49.803392],[16.656902,49.803388]]}},{"type":"Feature","properties":{"oid":21873,"mat":"PolyVinylChlorid (PVC)","dn":"90","rok":"1987","delka":"0,274","popis":"","obec":"578789","ku":"754471"},"geometry":{"type":"LineString","coordinates":[[16.661126,49.804131],[16.66113,49.804132]]}},{"type":"Feature","properties":{"oid":21874,"mat":"PolyVinylChlorid (PVC)","dn":"90","rok":"1986","delka":"3,944","popis":"","obec":"578789","ku":"754471"},"geometry":{"type":"LineString","coordinates":[[16.660533,49.802807],[16.660478,49.802803]]}},{"type":"Feature","properties":{"oid":21875,"mat":"PolyVinylChlorid (PVC)","dn":"110","rok":"1986","delka":"1075,859","popis":"PVC 100 1986","obec":"578789","ku":"754471"},"geometry":{"type":"LineString","coordinates":[[16.661473,49.794224],[16.661522,49.794735],[16.661663,49.795146],[16.660161,49.795605],[16.661325,49.796629],[16.662018,49.79765],[16.661809,49.799306],[16.661199,49.800242],[16.660533,49.802807]]}},{"type":"Feature","properties":{"oid":21876,"mat":"PolyVinylChlorid (PVC)","dn":"90","rok":"1987","delka":"6,27","popis":"","obec":"578789","ku":"754471"},"geometry":{"type":"LineString","coordinates":[[16.659933,49.804194],[16.65985,49.804176]]}},{"type":"Feature","properties":{"oid":21877,"mat":"PolyVinylChlorid (PVC)","dn":"90","rok":"1987","delka":"0,473","popis":"","obec":"578789","ku":"754471"},"geometry":{"type":"LineString","coordinates":[[16.65985,49.804176],[16.659844,49.804175]]}},{"type":"Feature","properties":{"oid":21878,"mat":"PolyVinylChlorid (PVC)","dn":"90","rok":"1987","delka":"0,483","popis":"","obec":"578789","ku":"754471"},"geometry":{"type":"LineString","coordinates":[[16.659844,49.804175],[16.659838,49.804173]]}},{"type":"Feature","properties":{"oid":21879,"mat":"PolyVinylChlorid (PVC)","dn":"90","rok":"1987","delka":"133,866","popis":"","obec":"578789","ku":"754471"},"geometry":{"type":"LineString","coordinates":[[16.662685,49.803618],[16.662658,49.803616],[16.662252,49.803592],[16.662219,49.803593],[16.662035,49.803625],[16.661911,49.803671],[16.661792,49.803745],[16.661493,49.803943],[16.66139,49.804002],[16.66113,49.804132]]}},{"type":"Feature","properties":{"oid":21880,"mat":"Litina (Li)","dn":"80","rok":"1987","delka":"0,2","popis":"","obec":"578789","ku":"754471"},"geometry":{"type":"LineString","coordinates":[[16.659932,49.804196],[16.659933,49.804194]]}},{"type":"Feature","properties":{"oid":21881,"mat":"neznámý (*)","dn":"neznámé","rok":"","delka":"3,697","popis":"","obec":"578789","ku":"754471"},"geometry":{"type":"LineString","coordinates":[[16.662735,49.803623],[16.662718,49.803621],[16.662685,49.803618]]}},{"type":"Feature","properties":{"oid":21882,"mat":"neznámý (*)","dn":"neznámé","rok":"","delka":"0,342","popis":"","obec":"578789","ku":"754471"},"geometry":{"type":"LineString","coordinates":[[16.662735,49.803623],[16.66274,49.803624]]}},{"type":"Feature","properties":{"oid":21885,"mat":"PolyEthylen (PE)","dn":"90","rok":"2023","delka":"2,433","popis":"","obec":"578789","ku":"754471"},"geometry":{"type":"LineString","coordinates":[[16.659161,49.804024],[16.659151,49.804045]]}},{"type":"Feature","properties":{"oid":21888,"mat":"PolyEthylen (PE)","dn":"90","rok":"2021","delka":"61,337","popis":"PE 90 2021","obec":"578789","ku":"754480"},"geometry":{"type":"LineString","coordinates":[[16.672626,49.793425],[16.672611,49.793388],[16.672603,49.79336],[16.672541,49.793154],[16.672538,49.793144],[16.672508,49.793023],[16.672477,49.7929],[16.672476,49.792895],[16.672476,49.792891],[16.672476,49.792888],[16.672476,49.792882]]}},{"type":"Feature","properties":{"oid":21891,"mat":"PolyVinylChlorid (PVC)","dn":"110","rok":"2009","delka":"11,409","popis":"","obec":"578789","ku":"754480"},"geometry":{"type":"LineString","coordinates":[[16.661473,49.794224],[16.661515,49.794125]]}},{"type":"Feature","properties":{"oid":21905,"mat":"PolyVinylChlorid (PVC)","dn":"160","rok":"2013","delka":"285,287","popis":"","obec":"578789","ku":"754480"},"geometry":{"type":"LineString","coordinates":[[16.667278,49.794526],[16.667129,49.794553],[16.667106,49.794538],[16.667017,49.794551],[16.666866,49.794575],[16.666774,49.794587],[16.666679,49.794599],[16.666508,49.794613],[16.66629,49.794621],[16.666074,49.794616],[16.666037,49.794616],[16.665977,49.794614],[16.665879,49.794616],[16.665764,49.794624],[16.665588,49.794647],[16.665572,49.794649],[16.665565,49.794649],[16.665545,49.794652],[16.665267,49.794688],[16.665224,49.79469],[16.665169,49.794696],[16.665062,49.794702],[16.665022,49.794701],[16.664937,49.794705],[16.664831,49.794705],[16.664731,49.794697],[16.664723,49.794697],[16.664718,49.794695],[16.664704,49.794696],[16.664612,49.794688],[16.664545,49.794678],[16.664424,49.794665],[16.664315,49.794647],[16.664119,49.794618],[16.663985,49.794596],[16.663952,49.79459],[16.663923,49.794586],[16.663691,49.794548],[16.663556,49.794529],[16.663389,49.794507]]}},{"type":"Feature","properties":{"oid":21906,"mat":"neznámý (*)","dn":"neznámé","rok":"","delka":"0,64","popis":"","obec":"578789","ku":"754480"},"geometry":{"type":"LineString","coordinates":[[16.663389,49.794507],[16.663392,49.794501]]}},{"type":"Feature","properties":{"oid":21908,"mat":"PolyVinylChlorid (PVC)","dn":"160","rok":"2013","delka":"17,831","popis":"","obec":"578789","ku":"754480"},"geometry":{"type":"LineString","coordinates":[[16.663159,49.794463],[16.663175,49.794467],[16.663186,49.79448],[16.663233,49.794487],[16.663349,49.794501],[16.663389,49.794507]]}},{"type":"Feature","properties":{"oid":21909,"mat":"Litina (Li)","dn":"125","rok":"1974","delka":"106,111","popis":"LT 125 1974","obec":"578789","ku":"754480"},"geometry":{"type":"LineString","coordinates":[[16.661759,49.794165],[16.66181,49.794173],[16.661955,49.794205],[16.662366,49.794295],[16.663159,49.794463]]}},{"type":"Feature","properties":{"oid":21910,"mat":"PolyVinylChlorid (PVC)","dn":"160","rok":"1988","delka":"32,69","popis":"","obec":"578789","ku":"754480"},"geometry":{"type":"LineString","coordinates":[[16.661405,49.794222],[16.661473,49.794224],[16.661632,49.794232],[16.661736,49.794242],[16.661759,49.794165]]}},{"type":"Feature","properties":{"oid":21911,"mat":"Litina (Li)","dn":"125","rok":"","delka":"5,831","popis":"","obec":"578789","ku":"754480"},"geometry":{"type":"LineString","coordinates":[[16.661435,49.794114],[16.661515,49.794125]]}},{"type":"Feature","properties":{"oid":21912,"mat":"Litina (Li)","dn":"100","rok":"1988","delka":"10,981","popis":"","obec":"578789","ku":"754480"},"geometry":{"type":"LineString","coordinates":[[16.661399,49.794212],[16.661436,49.794117]]}},{"type":"Feature","properties":{"oid":21933,"mat":"PolyVinylChlorid (PVC)","dn":"160","rok":"2013","delka":"0,179","popis":"PVC 160 2013","obec":"578789","ku":"754480"},"geometry":{"type":"LineString","coordinates":[[16.671951,49.794114],[16.67195,49.794115]]}},{"type":"Feature","properties":{"oid":21934,"mat":"Ocel (OC)","dn":"80","rok":"1974","delka":"44,632","popis":"ocel 80 1974","obec":"578789","ku":"754480"},"geometry":{"type":"LineString","coordinates":[[16.67195,49.794115],[16.671942,49.794158],[16.671932,49.794225],[16.671924,49.794274],[16.671902,49.79441],[16.671883,49.794514]]}},{"type":"Feature","properties":{"oid":21942,"mat":"PolyVinylChlorid (PVC)","dn":"160","rok":"2013","delka":"9,319","popis":"PVC 160 2013","obec":"578789","ku":"754480"},"geometry":{"type":"LineString","coordinates":[[16.671985,49.794033],[16.671951,49.794114]]}},{"type":"Feature","properties":{"oid":21943,"mat":"PolyVinylChlorid (PVC)","dn":"160","rok":"2013","delka":"3,952","popis":"","obec":"578789","ku":"754480"},"geometry":{"type":"LineString","coordinates":[[16.671985,49.794033],[16.671986,49.793997]]}},{"type":"Feature","properties":{"oid":21944,"mat":"PolyVinylChlorid (PVC)","dn":"160","rok":"2013","delka":"0,462","popis":"","obec":"578789","ku":"754480"},"geometry":{"type":"LineString","coordinates":[[16.671986,49.793997],[16.671985,49.793993]]}},{"type":"Feature","properties":{"oid":21945,"mat":"PolyVinylChlorid (PVC)","dn":"160","rok":"2013","delka":"0,304","popis":"","obec":"578789","ku":"754480"},"geometry":{"type":"LineString","coordinates":[[16.671985,49.793993],[16.67198,49.793994]]}},{"type":"Feature","properties":{"oid":21948,"mat":"PolyVinylChlorid (PVC)","dn":"160","rok":"2013","delka":"0,085","popis":"","obec":"578789","ku":"754480"},"geometry":{"type":"LineString","coordinates":[[16.671835,49.794012],[16.671835,49.794011]]}},{"type":"Feature","properties":{"oid":21952,"mat":"PolyVinylChlorid (PVC)","dn":"160","rok":"2013","delka":"57,247","popis":"","obec":"578789","ku":"754480"},"geometry":{"type":"LineString","coordinates":[[16.671835,49.794012],[16.671677,49.794036],[16.671641,49.79404],[16.671319,49.794086],[16.671295,49.794092],[16.671233,49.7941],[16.671185,49.794105],[16.671059,49.794123]]}},{"type":"Feature","properties":{"oid":21953,"mat":"Litina (Li)","dn":"80","rok":"2013","delka":"0,502","popis":"","obec":"578789","ku":"754480"},"geometry":{"type":"LineString","coordinates":[[16.671057,49.794119],[16.671059,49.794123]]}},{"type":"Feature","properties":{"oid":21959,"mat":"PolyVinylChlorid (PVC)","dn":"160","rok":"2013","delka":"97,14","popis":"","obec":"578789","ku":"754480"},"geometry":{"type":"LineString","coordinates":[[16.671059,49.794123],[16.670987,49.794132],[16.670888,49.794147],[16.670865,49.794132],[16.670799,49.794139],[16.670741,49.794149],[16.670516,49.794178],[16.6703,49.794209],[16.670156,49.794226],[16.669978,49.794248],[16.669744,49.794273]]}},{"type":"Feature","properties":{"oid":21963,"mat":"PolyVinylChlorid (PVC)","dn":"160","rok":"2013","delka":"45,78","popis":"","obec":"578789","ku":"754480"},"geometry":{"type":"LineString","coordinates":[[16.669744,49.794273],[16.669609,49.794284],[16.669415,49.794294],[16.669279,49.794299],[16.669198,49.794298],[16.66911,49.794303]]}},{"type":"Feature","properties":{"oid":21964,"mat":"PolyVinylChlorid (PVC)","dn":"160","rok":"2013","delka":"131,182","popis":"","obec":"578789","ku":"754480"},"geometry":{"type":"LineString","coordinates":[[16.66911,49.794303],[16.669103,49.794303],[16.669005,49.794307],[16.668815,49.794316],[16.668697,49.794322],[16.668571,49.794329],[16.668441,49.794343],[16.668254,49.794366],[16.668195,49.794373],[16.668183,49.794391],[16.668055,49.794408],[16.667984,49.79442],[16.667753,49.794451],[16.667628,49.79447],[16.667474,49.794492],[16.667335,49.794515]]}},{"type":"Feature","properties":{"oid":21970,"mat":"Litina (Li)","dn":"80","rok":"2013","delka":"0,352","popis":"","obec":"578789","ku":"754480"},"geometry":{"type":"LineString","coordinates":[[16.667335,49.794512],[16.667335,49.794515]]}},{"type":"Feature","properties":{"oid":21971,"mat":"PolyVinylChlorid (PVC)","dn":"160","rok":"2013","delka":"4,314","popis":"","obec":"578789","ku":"754480"},"geometry":{"type":"LineString","coordinates":[[16.667278,49.794526],[16.667335,49.794515]]}},{"type":"Feature","properties":{"oid":21972,"mat":"PolyEthylen (PE)","dn":"90","rok":"2013","delka":"0,215","popis":"","obec":"578789","ku":"754480"},"geometry":{"type":"LineString","coordinates":[[16.667278,49.794526],[16.667279,49.794528]]}},{"type":"Feature","properties":{"oid":21973,"mat":"PolyEthylen (PE)","dn":"90","rok":"2013","delka":"2,185","popis":"","obec":"578789","ku":"754480"},"geometry":{"type":"LineString","coordinates":[[16.667279,49.794528],[16.667281,49.794547]]}},{"type":"Feature","properties":{"oid":21974,"mat":"PolyEthylen (PE)","dn":"40","rok":"2006","delka":"0,051","popis":"","obec":"578789","ku":"754480"},"geometry":{"type":"LineString","coordinates":[[16.669744,49.794273],[16.669744,49.794274]]}},{"type":"Feature","properties":{"oid":21975,"mat":"PolyEthylen (PE)","dn":"40","rok":"2006","delka":"1,022","popis":"","obec":"578789","ku":"754480"},"geometry":{"type":"LineString","coordinates":[[16.669744,49.794274],[16.669752,49.794274],[16.669752,49.794278]]}},{"type":"Feature","properties":{"oid":21976,"mat":"Ocel (OC)","dn":"80","rok":"1974","delka":"77,883","popis":"ocel 80 1974","obec":"578789","ku":"754480"},"geometry":{"type":"LineString","coordinates":[[16.671883,49.794514],[16.671891,49.794622],[16.671973,49.795029],[16.672028,49.795207]]}},{"type":"Feature","properties":{"oid":21983,"mat":"PolyEthylen (PE)","dn":"40","rok":"2006","delka":"69,43","popis":"PE  40 2006","obec":"578789","ku":"754480"},"geometry":{"type":"LineString","coordinates":[[16.669752,49.794278],[16.669767,49.794338],[16.669786,49.794468],[16.669804,49.794594],[16.669828,49.794688],[16.669855,49.7948],[16.669869,49.794875],[16.669874,49.794897]]}},{"type":"Feature","properties":{"oid":21984,"mat":"PolyVinylChlorid (PVC)","dn":"160","rok":"2013","delka":"0,319","popis":"","obec":"578789","ku":"754480"},"geometry":{"type":"LineString","coordinates":[[16.671985,49.793993],[16.671989,49.793993]]}},{"type":"Feature","properties":{"oid":21985,"mat":"PolyVinylChlorid (PVC)","dn":"160","rok":"2013","delka":"0,273","popis":"PVC 160 2013","obec":"578789","ku":"754480"},"geometry":{"type":"LineString","coordinates":[[16.671951,49.794114],[16.671955,49.794114]]}},{"type":"Feature","properties":{"oid":21986,"mat":"PolyEthylen (PE)","dn":"110","rok":"2016","delka":"61,486","popis":"PE 110 2016","obec":"578789","ku":"754480"},"geometry":{"type":"LineString","coordinates":[[16.672617,49.793904],[16.672618,49.793906],[16.672615,49.793973],[16.672561,49.794103],[16.67257,49.794112],[16.67262,49.794121],[16.672891,49.794158],[16.673082,49.794181]]}},{"type":"Feature","properties":{"oid":21990,"mat":"PolyEthylen (PE)","dn":"160","rok":"2016","delka":"22,058","popis":"PE 160 2016","obec":"578789","ku":"754480"},"geometry":{"type":"LineString","coordinates":[[16.672318,49.793948],[16.672531,49.793918],[16.672616,49.793902]]}},{"type":"Feature","properties":{"oid":21991,"mat":"PolyEthylen (PE)","dn":"110","rok":"2016","delka":"0,228","popis":"PE 110 2016","obec":"578789","ku":"754480"},"geometry":{"type":"LineString","coordinates":[[16.672616,49.793902],[16.672617,49.793904]]}},{"type":"Feature","properties":{"oid":21992,"mat":"PolyEthylen (PE)","dn":"160","rok":"2016","delka":"24,231","popis":"PE 160 2016","obec":"578789","ku":"754480"},"geometry":{"type":"LineString","coordinates":[[16.671989,49.793993],[16.672269,49.793957],[16.672318,49.793948]]}},{"type":"Feature","properties":{"oid":21994,"mat":"Litina (Li)","dn":"80","rok":"2016","delka":"0,362","popis":"","obec":"578789","ku":"754480"},"geometry":{"type":"LineString","coordinates":[[16.672318,49.793948],[16.672318,49.793945]]}},{"type":"Feature","properties":{"oid":21995,"mat":"Litina (Li)","dn":"80","rok":"2016","delka":"0,281","popis":"","obec":"578789","ku":"754480"},"geometry":{"type":"LineString","coordinates":[[16.672318,49.793945],[16.672317,49.793943]]}},{"type":"Feature","properties":{"oid":21996,"mat":"Litina (Li)","dn":"80","rok":"2016","delka":"0,184","popis":"","obec":"578789","ku":"754480"},"geometry":{"type":"LineString","coordinates":[[16.673082,49.794181],[16.673081,49.794182]]}},{"type":"Feature","properties":{"oid":21997,"mat":"Litina (Li)","dn":"80","rok":"2016","delka":"0,23","popis":"","obec":"578789","ku":"754480"},"geometry":{"type":"LineString","coordinates":[[16.673081,49.794182],[16.67308,49.794184]]}},{"type":"Feature","properties":{"oid":21998,"mat":"PolyEthylen (PE)","dn":"160","rok":"2016","delka":"14,613","popis":"PE 160 2016","obec":"578789","ku":"754480"},"geometry":{"type":"LineString","coordinates":[[16.672616,49.793902],[16.672812,49.793868]]}},{"type":"Feature","properties":{"oid":21999,"mat":"PolyEthylen (PE)","dn":"110","rok":"2016","delka":"0,278","popis":"","obec":"578789","ku":"754480"},"geometry":{"type":"LineString","coordinates":[[16.672812,49.793868],[16.672811,49.793866]]}},{"type":"Feature","properties":{"oid":22001,"mat":"PolyEthylen (PE)","dn":"110","rok":"2016","delka":"2,867","popis":"PE 110","obec":"578789","ku":"754480"},"geometry":{"type":"LineString","coordinates":[[16.672811,49.793866],[16.6728,49.793841]]}},{"type":"Feature","properties":{"oid":22002,"mat":"PolyEthylen (PE)","dn":"63","rok":"2021","delka":"62,588","popis":"PE 63 2021","obec":"578789","ku":"754480"},"geometry":{"type":"LineString","coordinates":[[16.67263,49.793424],[16.672641,49.793424],[16.672764,49.793426],[16.672889,49.793428],[16.672934,49.793427],[16.673015,49.793429],[16.673181,49.793434],[16.673348,49.793434],[16.673485,49.79341],[16.673494,49.793408]]}},{"type":"Feature","properties":{"oid":22029,"mat":"Litina (Li)","dn":"80","rok":"2017","delka":"0,328","popis":"","obec":"578789","ku":"754480"},"geometry":{"type":"LineString","coordinates":[[16.673498,49.792591],[16.673497,49.792594]]}},{"type":"Feature","properties":{"oid":22030,"mat":"PolyEthylen (PE)","dn":"110","rok":"2017","delka":"100,339","popis":"PE 110 2017","obec":"578789","ku":"754480"},"geometry":{"type":"LineString","coordinates":[[16.673498,49.792591],[16.673476,49.79259],[16.673463,49.792589],[16.673438,49.79257],[16.673356,49.792493],[16.673314,49.79245],[16.673247,49.792389],[16.673189,49.792336],[16.673142,49.792304],[16.673137,49.792299],[16.673008,49.792193],[16.672928,49.792129],[16.672833,49.792046],[16.672755,49.791967],[16.672694,49.791896],[16.672678,49.791874]]}},{"type":"Feature","properties":{"oid":22032,"mat":"Litina (Li)","dn":"80","rok":"2017","delka":"0,54","popis":"","obec":"578789","ku":"754480"},"geometry":{"type":"LineString","coordinates":[[16.672678,49.791874],[16.672685,49.791872]]}},{"type":"Feature","properties":{"oid":22033,"mat":"PolyEthylen (PE)","dn":"110","rok":"2017","delka":"24,744","popis":"","obec":"578789","ku":"754480"},"geometry":{"type":"LineString","coordinates":[[16.672678,49.791874],[16.672677,49.791872],[16.672674,49.791868],[16.672532,49.791911],[16.672375,49.791958],[16.672377,49.791961]]}},{"type":"Feature","properties":{"oid":22036,"mat":"PolyEthylen (PE)","dn":"90","rok":"2021","delka":"14,676","popis":"","obec":"578789","ku":"754480"},"geometry":{"type":"LineString","coordinates":[[16.672381,49.791962],[16.672379,49.791962],[16.672345,49.791972],[16.672192,49.792011]]}},{"type":"Feature","properties":{"oid":22051,"mat":"Litina (Li)","dn":"80","rok":"2016","delka":"0,188","popis":"","obec":"578789","ku":"754480"},"geometry":{"type":"LineString","coordinates":[[16.674296,49.79644],[16.674296,49.796441]]}},{"type":"Feature","properties":{"oid":22053,"mat":"PolyVinylChlorid (PVC)","dn":"110","rok":"1976","delka":"27,249","popis":"","obec":"578789","ku":"754480"},"geometry":{"type":"LineString","coordinates":[[16.680734,49.793062],[16.680414,49.792931]]}},{"type":"Feature","properties":{"oid":22055,"mat":"PolyEthylen (PE)","dn":"160","rok":"2016","delka":"117,39","popis":"PE 160 2016","obec":"578789","ku":"754480"},"geometry":{"type":"LineString","coordinates":[[16.679038,49.793212],[16.679001,49.79324],[16.678982,49.793253],[16.678967,49.793266],[16.678929,49.793287],[16.678906,49.793315],[16.678857,49.793378],[16.678812,49.793446],[16.67878,49.793494],[16.678755,49.79353],[16.678691,49.793598],[16.67863,49.793663],[16.678597,49.793705],[16.678556,49.793745],[16.678528,49.793767],[16.678476,49.793782],[16.678451,49.793792],[16.67845,49.793794],[16.678419,49.793808],[16.678325,49.793874],[16.67826,49.79392],[16.678183,49.793971],[16.678126,49.794001],[16.678062,49.794032]]}},{"type":"Feature","properties":{"oid":22056,"mat":"PolyEthylen (PE)","dn":"160","rok":"2016","delka":"142,977","popis":"PE 160 2016","obec":"578789","ku":"754480"},"geometry":{"type":"LineString","coordinates":[[16.681892,49.792087],[16.681849,49.792107],[16.681795,49.792131],[16.681747,49.792155],[16.681713,49.792172],[16.681681,49.792189],[16.681647,49.792207],[16.681598,49.792233],[16.681531,49.792272],[16.681442,49.792324],[16.681393,49.792354],[16.681379,49.792363],[16.681318,49.792404],[16.681249,49.792451],[16.681194,49.79249],[16.681193,49.79249],[16.681084,49.792569],[16.681034,49.792609],[16.68096,49.79266],[16.680901,49.792699],[16.680857,49.792728],[16.680829,49.792746],[16.680796,49.792766],[16.680748,49.792794],[16.680699,49.79282],[16.680651,49.792846],[16.680602,49.792868],[16.680524,49.792894],[16.680416,49.792922],[16.680406,49.792924]]}},{"type":"Feature","properties":{"oid":22057,"mat":"PolyEthylen (PE)","dn":"110","rok":"2012","delka":"240,393","popis":"PE 110 2012","obec":"578789","ku":"754480"},"geometry":{"type":"LineString","coordinates":[[16.679422,49.792969],[16.679431,49.792939],[16.67948,49.792854],[16.679542,49.792771],[16.679606,49.792685],[16.679722,49.792545],[16.679751,49.792494],[16.679771,49.79247],[16.679797,49.792447],[16.679861,49.792396],[16.679953,49.792323],[16.680079,49.792218],[16.680081,49.792217],[16.680085,49.792215],[16.680206,49.792125],[16.68025,49.792091],[16.680428,49.79196],[16.680517,49.791895],[16.680643,49.791798],[16.680763,49.79171],[16.680973,49.791549],[16.680983,49.79154],[16.6811,49.791453],[16.681232,49.791352],[16.681374,49.791237]]}},{"type":"Feature","properties":{"oid":22059,"mat":"PolyEthylen (PE)","dn":"110","rok":"2017","delka":"80,818","popis":"PE 110 2017","obec":"578789","ku":"754480"},"geometry":{"type":"LineString","coordinates":[[16.674838,49.793337],[16.674829,49.793336],[16.674831,49.793322],[16.674834,49.793249],[16.674845,49.793149],[16.674849,49.793091],[16.674852,49.793057],[16.67486,49.793005],[16.674869,49.792941],[16.674902,49.792794],[16.674906,49.792705],[16.674898,49.792624],[16.674898,49.792617]]}},{"type":"Feature","properties":{"oid":22060,"mat":"Litina (Li)","dn":"80","rok":"1980","delka":"72,03","popis":"LT 80 1980","obec":"578789","ku":"754480"},"geometry":{"type":"LineString","coordinates":[[16.680642,49.793341],[16.680642,49.793343],[16.680592,49.793427],[16.680544,49.793498],[16.680505,49.793566],[16.680335,49.793824],[16.680301,49.793922],[16.680295,49.793942],[16.680292,49.793946]]}},{"type":"Feature","properties":{"oid":22061,"mat":"PolyEthylen (PE)","dn":"110","rok":"2018","delka":"125,492","popis":"PE 110 2018","obec":"578789","ku":"754480"},"geometry":{"type":"LineString","coordinates":[[16.680332,49.793979],[16.68034,49.793982],[16.680381,49.794003],[16.680477,49.794037],[16.680551,49.794063],[16.680662,49.794104],[16.6807,49.794117],[16.680738,49.79413],[16.680775,49.794143],[16.680812,49.794156],[16.680819,49.79416],[16.680848,49.79417],[16.680885,49.794183],[16.681002,49.794227],[16.681031,49.794238],[16.681205,49.794304],[16.68125,49.794321],[16.68132,49.794349],[16.681391,49.794378],[16.68143,49.794393],[16.681491,49.794418],[16.681537,49.794434],[16.681575,49.794449],[16.681612,49.794464],[16.681617,49.794465],[16.681647,49.794477],[16.681684,49.794491],[16.681722,49.794504],[16.681757,49.794513],[16.681785,49.79452],[16.681807,49.794526],[16.681821,49.79453],[16.681845,49.794536]]}},{"type":"Feature","properties":{"oid":22062,"mat":"PolyVinylChlorid (PVC)","dn":"80","rok":"2001","delka":"101,272","popis":"PVC 80 2001","obec":"578789","ku":"754480"},"geometry":{"type":"LineString","coordinates":[[16.676721,49.792646],[16.67662,49.792976],[16.676522,49.793273],[16.676463,49.793451],[16.676434,49.793537]]}},{"type":"Feature","properties":{"oid":22082,"mat":"PolyEthylen (PE)","dn":"110","rok":"2015","delka":"92,987","popis":"PE 110 2015","obec":"578789","ku":"754480"},"geometry":{"type":"LineString","coordinates":[[16.677417,49.79435],[16.677375,49.794369],[16.677248,49.794438],[16.677125,49.794496],[16.677009,49.794566],[16.676978,49.794592],[16.676924,49.794629],[16.676913,49.794635],[16.676871,49.79466],[16.676836,49.79468],[16.676813,49.794693],[16.676748,49.794726],[16.676663,49.794771],[16.676615,49.794795],[16.676599,49.794804],[16.67655,49.794837],[16.676519,49.794861],[16.676506,49.794878],[16.676471,49.794912]]}},{"type":"Feature","properties":{"oid":22084,"mat":"PolyEthylen (PE)","dn":"110","rok":"2015","delka":"0,698","popis":"PE 110 2015","obec":"578789","ku":"754480"},"geometry":{"type":"LineString","coordinates":[[16.678055,49.794037],[16.678062,49.794032]]}},{"type":"Feature","properties":{"oid":22087,"mat":"PolyEthylen (PE)","dn":"160","rok":"2016","delka":"114,242","popis":"PE 160 2016","obec":"578789","ku":"754480"},"geometry":{"type":"LineString","coordinates":[[16.676442,49.793543],[16.676449,49.793543],[16.67645,49.793543],[16.676475,49.793545],[16.67653,49.793547],[16.676611,49.793552],[16.676652,49.793558],[16.676709,49.793562],[16.676826,49.793576],[16.676878,49.793584],[16.67692,49.793591],[16.676961,49.7936],[16.677024,49.793613],[16.677042,49.793616],[16.677127,49.793633],[16.677181,49.793644],[16.677224,49.793655],[16.677271,49.793669],[16.677397,49.793709],[16.677449,49.793728],[16.677481,49.793743],[16.67755,49.793775],[16.677651,49.793828],[16.677698,49.793854],[16.677702,49.793855],[16.677769,49.793892],[16.677857,49.793946]]}},{"type":"Feature","properties":{"oid":22092,"mat":"PolyEthylen (PE)","dn":"110","rok":"2015","delka":"57,679","popis":"PE 110 2015","obec":"578789","ku":"754480"},"geometry":{"type":"LineString","coordinates":[[16.677417,49.79435],[16.677573,49.794274],[16.67766,49.794225],[16.67774,49.794185],[16.677824,49.794145],[16.677918,49.794102],[16.677957,49.794084],[16.678055,49.794037]]}},{"type":"Feature","properties":{"oid":22093,"mat":"PolyEthylen (PE)","dn":"110","rok":"2017","delka":"0,335","popis":"","obec":"578789","ku":"754480"},"geometry":{"type":"LineString","coordinates":[[16.677417,49.79435],[16.677418,49.794353]]}},{"type":"Feature","properties":{"oid":22094,"mat":"Litina (Li)","dn":"80","rok":"2016","delka":"0,615","popis":"","obec":"578789","ku":"754480"},"geometry":{"type":"LineString","coordinates":[[16.677857,49.793946],[16.677858,49.793943],[16.677861,49.793941]]}},{"type":"Feature","properties":{"oid":22095,"mat":"Litina (Li)","dn":"80","rok":"2016","delka":"0,418","popis":"","obec":"578789","ku":"754480"},"geometry":{"type":"LineString","coordinates":[[16.677861,49.793941],[16.677866,49.793939]]}},{"type":"Feature","properties":{"oid":22096,"mat":"PolyEthylen (PE)","dn":"160","rok":"2016","delka":"77,965","popis":"PE 160 2016","obec":"578789","ku":"754480"},"geometry":{"type":"LineString","coordinates":[[16.676434,49.793543],[16.676385,49.793543],[16.676355,49.793543],[16.676301,49.793544],[16.676254,49.793542],[16.676189,49.79354],[16.676105,49.793538],[16.67602,49.793537],[16.67596,49.793536],[16.675871,49.793534],[16.675852,49.793533],[16.675747,49.79353],[16.675661,49.793527],[16.675581,49.793523],[16.675514,49.793521],[16.675429,49.793518],[16.675358,49.793515],[16.675353,49.793515]]}},{"type":"Feature","properties":{"oid":22097,"mat":"PolyEthylen (PE)","dn":"110","rok":"2016","delka":"58,126","popis":"PE 110 2016","obec":"578789","ku":"754480"},"geometry":{"type":"LineString","coordinates":[[16.673511,49.794181],[16.673526,49.79418],[16.673537,49.794181],[16.673656,49.794184],[16.67378,49.794196],[16.673879,49.794212],[16.673986,49.79424],[16.674273,49.79433]]}},{"type":"Feature","properties":{"oid":22100,"mat":"PolyEthylen (PE)","dn":"160","rok":"2016","delka":"4,544","popis":"PE 160 2016","obec":"578789","ku":"754480"},"geometry":{"type":"LineString","coordinates":[[16.675244,49.793525],[16.675279,49.793514],[16.675304,49.793514]]}},{"type":"Feature","properties":{"oid":22101,"mat":"PolyEthylen (PE)","dn":"160","rok":"2016","delka":"2,989","popis":"","obec":"578789","ku":"754480"},"geometry":{"type":"LineString","coordinates":[[16.675353,49.793515],[16.675335,49.793514],[16.675311,49.793513]]}},{"type":"Feature","properties":{"oid":22102,"mat":"PolyEthylen (PE)","dn":"160","rok":"2016","delka":"53,068","popis":"PE 160 2016","obec":"578789","ku":"754480"},"geometry":{"type":"LineString","coordinates":[[16.674573,49.793696],[16.674578,49.793696],[16.674882,49.793661],[16.674952,49.793651],[16.675224,49.793532],[16.675244,49.793525]]}},{"type":"Feature","properties":{"oid":22103,"mat":"PolyEthylen (PE)","dn":"160","rok":"2016","delka":"31,705","popis":"PE 160 2016","obec":"578789","ku":"754480"},"geometry":{"type":"LineString","coordinates":[[16.673687,49.793897],[16.673735,49.793897],[16.674,49.793874],[16.674118,49.793847]]}},{"type":"Feature","properties":{"oid":22104,"mat":"PolyEthylen (PE)","dn":"160","rok":"2016","delka":"37,127","popis":"PE 160 2016","obec":"578789","ku":"754480"},"geometry":{"type":"LineString","coordinates":[[16.674573,49.793696],[16.674464,49.793717],[16.674367,49.793747],[16.674219,49.793817],[16.67413,49.793844],[16.674118,49.793847]]}},{"type":"Feature","properties":{"oid":22105,"mat":"PolyEthylen (PE)","dn":"90","rok":"2016","delka":"9,649","popis":"PE 90","obec":"578789","ku":"754480"},"geometry":{"type":"LineString","coordinates":[[16.674119,49.793849],[16.67414,49.793907],[16.674146,49.793934]]}},{"type":"Feature","properties":{"oid":22106,"mat":"PolyEthylen (PE)","dn":"110","rok":"2016","delka":"81,858","popis":"PE 110 2016","obec":"578789","ku":"754480"},"geometry":{"type":"LineString","coordinates":[[16.676468,49.794915],[16.676582,49.794962],[16.676577,49.794967],[16.67647,49.795048],[16.676312,49.79517],[16.676294,49.795184],[16.675922,49.79545]]}},{"type":"Feature","properties":{"oid":22107,"mat":"PolyEthylen (PE)","dn":"110","rok":"2016","delka":"162,219","popis":"PE 110 2016","obec":"578789","ku":"754480"},"geometry":{"type":"LineString","coordinates":[[16.675922,49.79545],[16.675767,49.795565],[16.67565,49.795642],[16.67547,49.795772],[16.67536,49.795857],[16.675242,49.795943],[16.67509,49.796042],[16.674855,49.796188],[16.674599,49.796332],[16.67457,49.796349],[16.674462,49.796394],[16.674325,49.796435],[16.674297,49.796443],[16.674296,49.796441]]}},{"type":"Feature","properties":{"oid":22108,"mat":"PolyEthylen (PE)","dn":"110","rok":"2016","delka":"110,07","popis":"PE 110 2016","obec":"578789","ku":"754480"},"geometry":{"type":"LineString","coordinates":[[16.675103,49.794521],[16.675141,49.794528],[16.675307,49.794563],[16.675578,49.794635],[16.675744,49.794709],[16.675839,49.794744],[16.676046,49.794825],[16.676053,49.794825],[16.676209,49.794809],[16.676217,49.794808],[16.676368,49.794867],[16.676463,49.794914]]}},{"type":"Feature","properties":{"oid":22112,"mat":"Litina (Li)","dn":"80","rok":"2016","delka":"0,232","popis":"","obec":"578789","ku":"754480"},"geometry":{"type":"LineString","coordinates":[[16.673511,49.794181],[16.673511,49.794179]]}},{"type":"Feature","properties":{"oid":22113,"mat":"Litina (Li)","dn":"80","rok":"2016","delka":"0,309","popis":"","obec":"578789","ku":"754480"},"geometry":{"type":"LineString","coordinates":[[16.673511,49.794179],[16.67351,49.794176]]}},{"type":"Feature","properties":{"oid":22116,"mat":"Litina (Li)","dn":"80","rok":"2016","delka":"0,359","popis":"","obec":"578789","ku":"754480"},"geometry":{"type":"LineString","coordinates":[[16.674267,49.794337],[16.67427,49.794334]]}},{"type":"Feature","properties":{"oid":22117,"mat":"Litina (Li)","dn":"80","rok":"2016","delka":"0,524","popis":"","obec":"578789","ku":"754480"},"geometry":{"type":"LineString","coordinates":[[16.67427,49.794334],[16.674273,49.79433]]}},{"type":"Feature","properties":{"oid":22118,"mat":"PolyEthylen (PE)","dn":"110","rok":"2016","delka":"63,62","popis":"PE 110 2016","obec":"578789","ku":"754480"},"geometry":{"type":"LineString","coordinates":[[16.674273,49.79433],[16.674277,49.794331],[16.674524,49.794396],[16.674739,49.794458],[16.674849,49.794482],[16.675096,49.794519],[16.675103,49.794521]]}},{"type":"Feature","properties":{"oid":22119,"mat":"neznámý (*)","dn":"neznámé","rok":"","delka":"0,215","popis":"","obec":"578789","ku":"754480"},"geometry":{"type":"LineString","coordinates":[[16.675103,49.794525],[16.675102,49.794527]]}},{"type":"Feature","properties":{"oid":22123,"mat":"PolyEthylen (PE)","dn":"110","rok":"2016","delka":"0,382","popis":"","obec":"578789","ku":"754480"},"geometry":{"type":"LineString","coordinates":[[16.675241,49.793522],[16.675244,49.793525]]}},{"type":"Feature","properties":{"oid":22125,"mat":"Litina (Li)","dn":"80","rok":"2016","delka":"0,499","popis":"","obec":"578789","ku":"754480"},"geometry":{"type":"LineString","coordinates":[[16.675311,49.793513],[16.675311,49.793517]]}},{"type":"Feature","properties":{"oid":22126,"mat":"Litina (Li)","dn":"80","rok":"2016","delka":"0,206","popis":"","obec":"578789","ku":"754480"},"geometry":{"type":"LineString","coordinates":[[16.675311,49.793517],[16.675311,49.793519]]}},{"type":"Feature","properties":{"oid":22127,"mat":"Litina (Li)","dn":"80","rok":"2016","delka":"0,239","popis":"","obec":"578789","ku":"754480"},"geometry":{"type":"LineString","coordinates":[[16.674569,49.793689],[16.674571,49.793691]]}},{"type":"Feature","properties":{"oid":22128,"mat":"Litina (Li)","dn":"80","rok":"2016","delka":"0,58","popis":"","obec":"578789","ku":"754480"},"geometry":{"type":"LineString","coordinates":[[16.674571,49.793691],[16.674573,49.793696]]}},{"type":"Feature","properties":{"oid":22130,"mat":"Litina (Li)","dn":"80","rok":"2016","delka":"0,264","popis":"","obec":"578789","ku":"754480"},"geometry":{"type":"LineString","coordinates":[[16.673687,49.793897],[16.673686,49.793899]]}},{"type":"Feature","properties":{"oid":22131,"mat":"Litina (Li)","dn":"80","rok":"2016","delka":"0,348","popis":"","obec":"578789","ku":"754480"},"geometry":{"type":"LineString","coordinates":[[16.673686,49.793899],[16.673688,49.793902]]}},{"type":"Feature","properties":{"oid":22132,"mat":"PolyEthylen (PE)","dn":"110","rok":"2016","delka":"0,381","popis":"PE 110 2016","obec":"578789","ku":"754480"},"geometry":{"type":"LineString","coordinates":[[16.676463,49.794914],[16.676468,49.794915]]}},{"type":"Feature","properties":{"oid":22134,"mat":"PolyEthylen (PE)","dn":"110","rok":"2016","delka":"37,217","popis":"PE 110 2016","obec":"578789","ku":"754480"},"geometry":{"type":"LineString","coordinates":[[16.674838,49.793337],[16.674858,49.793375],[16.6749,49.793395],[16.674998,49.793454],[16.675063,49.793486],[16.675098,49.793498],[16.675241,49.793522]]}},{"type":"Feature","properties":{"oid":22135,"mat":"Litina (Li)","dn":"80","rok":"2017","delka":"0,303","popis":"","obec":"578789","ku":"754480"},"geometry":{"type":"LineString","coordinates":[[16.6801,49.794012],[16.680103,49.794014]]}},{"type":"Feature","properties":{"oid":22136,"mat":"PolyEthylen (PE)","dn":"110","rok":"2017","delka":"115,542","popis":"PE 110 2017","obec":"578789","ku":"754480"},"geometry":{"type":"LineString","coordinates":[[16.680097,49.794011],[16.680041,49.79405],[16.680013,49.794069],[16.679962,49.794104],[16.67991,49.794142],[16.679858,49.794176],[16.67981,49.794208],[16.679765,49.794229],[16.679588,49.794297],[16.679553,49.794316],[16.679487,49.794357],[16.679299,49.794502],[16.679269,49.794528],[16.679266,49.794531],[16.679169,49.79459],[16.679066,49.794634],[16.679025,49.794649],[16.678911,49.794697]]}},{"type":"Feature","properties":{"oid":22145,"mat":"PolyEthylen (PE)","dn":"110","rok":"2017","delka":"40,373","popis":"PE 110 2017","obec":"578789","ku":"754480"},"geometry":{"type":"LineString","coordinates":[[16.678009,49.794604],[16.677902,49.794562],[16.677792,49.794525],[16.677607,49.794473],[16.677573,49.79446],[16.677512,49.794437]]}},{"type":"Feature","properties":{"oid":22147,"mat":"Litina (Li)","dn":"80","rok":"2017","delka":"0,565","popis":"","obec":"578789","ku":"754480"},"geometry":{"type":"LineString","coordinates":[[16.677512,49.794437],[16.677508,49.794441]]}},{"type":"Feature","properties":{"oid":22148,"mat":"PolyEthylen (PE)","dn":"110","rok":"2017","delka":"11,99","popis":"","obec":"578789","ku":"754480"},"geometry":{"type":"LineString","coordinates":[[16.677512,49.794437],[16.677469,49.794419],[16.677428,49.794376],[16.677418,49.794366],[16.677419,49.794354]]}},{"type":"Feature","properties":{"oid":22149,"mat":"neznámý (*)","dn":"neznámé","rok":"","delka":"0,162","popis":"","obec":"578789","ku":"754480"},"geometry":{"type":"LineString","coordinates":[[16.677419,49.794354],[16.677418,49.794353]]}},{"type":"Feature","properties":{"oid":22150,"mat":"Litina (Li)","dn":"80","rok":"1980","delka":"0,247","popis":"","obec":"578789","ku":"754480"},"geometry":{"type":"LineString","coordinates":[[16.680292,49.793946],[16.68029,49.793948]]}},{"type":"Feature","properties":{"oid":22151,"mat":"neznámý (*)","dn":"neznámé","rok":"","delka":"19,599","popis":"","obec":"578789","ku":"754480"},"geometry":{"type":"LineString","coordinates":[[16.68029,49.793948],[16.680288,49.793947],[16.680208,49.793925],[16.680202,49.793923],[16.680199,49.793921],[16.680194,49.793923],[16.680192,49.793924],[16.680174,49.793941],[16.680122,49.793987],[16.680097,49.794011]]}},{"type":"Feature","properties":{"oid":22153,"mat":"neznámý (*)","dn":"neznámé","rok":"","delka":"0,462","popis":"","obec":"578789","ku":"754480"},"geometry":{"type":"LineString","coordinates":[[16.675103,49.794521],[16.675103,49.794525]]}},{"type":"Feature","properties":{"oid":22156,"mat":"PolyEthylen (PE)","dn":"110","rok":"2023","delka":"0,597","popis":"","obec":"578789","ku":"754480"},"geometry":{"type":"LineString","coordinates":[[16.678915,49.794701],[16.678911,49.794697]]}},{"type":"Feature","properties":{"oid":22160,"mat":"PolyEthylen (PE)","dn":"110","rok":"2017","delka":"69,621","popis":"PE 110 2017","obec":"578789","ku":"754480"},"geometry":{"type":"LineString","coordinates":[[16.678911,49.794697],[16.678843,49.794728],[16.678833,49.794731],[16.678776,49.794748],[16.678744,49.794751],[16.678666,49.794752],[16.678596,49.794744],[16.678522,49.794734],[16.678427,49.794718],[16.678363,49.794704],[16.678297,49.79469],[16.678266,49.794683],[16.67817,49.794659],[16.678086,49.79463],[16.678009,49.794604]]}},{"type":"Feature","properties":{"oid":22161,"mat":"neznámý (*)","dn":"neznámé","rok":"","delka":"17,646","popis":"","obec":"578789","ku":"754480"},"geometry":{"type":"LineString","coordinates":[[16.678062,49.794032],[16.678025,49.79402],[16.677992,49.79401],[16.677971,49.794002],[16.67789,49.793964],[16.677857,49.793946]]}},{"type":"Feature","properties":{"oid":22175,"mat":"PolyEthylen (PE)","dn":"110","rok":"2018","delka":"1,712","popis":"","obec":"578789","ku":"754480"},"geometry":{"type":"LineString","coordinates":[[16.681821,49.79453],[16.681832,49.794516]]}},{"type":"Feature","properties":{"oid":22176,"mat":"PolyEthylen (PE)","dn":"90","rok":"2018","delka":"1,286","popis":"","obec":"578789","ku":"754480"},"geometry":{"type":"LineString","coordinates":[[16.680332,49.793979],[16.680344,49.79397]]}},{"type":"Feature","properties":{"oid":22181,"mat":"Litina (Li)","dn":"80","rok":"2004","delka":"0,448","popis":"","obec":"578789","ku":"754480"},"geometry":{"type":"LineString","coordinates":[[16.6775,49.792492],[16.677505,49.792495]]}},{"type":"Feature","properties":{"oid":22182,"mat":"Litina (Li)","dn":"80","rok":"2004","delka":"0,744","popis":"","obec":"578789","ku":"754480"},"geometry":{"type":"LineString","coordinates":[[16.677505,49.792495],[16.677514,49.792498]]}},{"type":"Feature","properties":{"oid":22183,"mat":"PolyVinylChlorid (PVC)","dn":"90","rok":"2004","delka":"34,984","popis":"PVC 90 2004","obec":"578789","ku":"754480"},"geometry":{"type":"LineString","coordinates":[[16.677275,49.792771],[16.6775,49.792492]]}},{"type":"Feature","properties":{"oid":22184,"mat":"PolyVinylChlorid (PVC)","dn":"90","rok":"2004","delka":"0,238","popis":"PVC 90 2004","obec":"578789","ku":"754480"},"geometry":{"type":"LineString","coordinates":[[16.677275,49.792771],[16.677272,49.792771]]}},{"type":"Feature","properties":{"oid":22185,"mat":"PolyVinylChlorid (PVC)","dn":"90","rok":"2004","delka":"6,19","popis":"PVC 90 2004","obec":"578789","ku":"754480"},"geometry":{"type":"LineString","coordinates":[[16.677272,49.792771],[16.677223,49.792753],[16.677208,49.792746],[16.677196,49.792745]]}},{"type":"Feature","properties":{"oid":22186,"mat":"PolyVinylChlorid (PVC)","dn":"90","rok":"2004","delka":"0,26","popis":"PVC 90 2004","obec":"578789","ku":"754480"},"geometry":{"type":"LineString","coordinates":[[16.677275,49.792771],[16.677278,49.792772]]}},{"type":"Feature","properties":{"oid":22187,"mat":"PolyVinylChlorid (PVC)","dn":"90","rok":"2004","delka":"130,413","popis":"PVC 90 2004","obec":"578789","ku":"754480"},"geometry":{"type":"LineString","coordinates":[[16.677278,49.792772],[16.677487,49.792845],[16.677655,49.792903],[16.677676,49.79291],[16.677836,49.79297],[16.677878,49.792985],[16.677918,49.792996],[16.677919,49.792996],[16.677975,49.793008],[16.678043,49.793018],[16.678124,49.793032],[16.678186,49.793043],[16.678419,49.79309],[16.678602,49.793127],[16.678815,49.793167],[16.678952,49.793194],[16.678957,49.793196]]}},{"type":"Feature","properties":{"oid":22188,"mat":"PolyVinylChlorid (PVC)","dn":"80","rok":"2001","delka":"34,986","popis":"PVC 80 2001","obec":"578789","ku":"754480"},"geometry":{"type":"LineString","coordinates":[[16.676734,49.792649],[16.677196,49.792745]]}},{"type":"Feature","properties":{"oid":22193,"mat":"PolyEthylen (PE)","dn":"110","rok":"2012","delka":"2,838","popis":"","obec":"578789","ku":"754480"},"geometry":{"type":"LineString","coordinates":[[16.679422,49.792994],[16.67942,49.792991],[16.679422,49.792969]]}},{"type":"Feature","properties":{"oid":22194,"mat":"PolyEthylen (PE)","dn":"110","rok":"2016","delka":"0,439","popis":"","obec":"578789","ku":"754480"},"geometry":{"type":"LineString","coordinates":[[16.680414,49.792931],[16.68041,49.792928]]}},{"type":"Feature","properties":{"oid":22195,"mat":"PolyEthylen (PE)","dn":"110","rok":"2016","delka":"0,544","popis":"","obec":"578789","ku":"754480"},"geometry":{"type":"LineString","coordinates":[[16.68041,49.792928],[16.680406,49.792924]]}},{"type":"Feature","properties":{"oid":22196,"mat":"Litina (Li)","dn":"80","rok":"","delka":"0,311","popis":"","obec":"578789","ku":"754480"},"geometry":{"type":"LineString","coordinates":[[16.679467,49.792988],[16.679467,49.792991]]}},{"type":"Feature","properties":{"oid":22197,"mat":"Litina (Li)","dn":"80","rok":"","delka":"0,574","popis":"","obec":"578789","ku":"754480"},"geometry":{"type":"LineString","coordinates":[[16.679467,49.792991],[16.67947,49.792996]]}},{"type":"Feature","properties":{"oid":22198,"mat":"PolyVinylChlorid (PVC)","dn":"90","rok":"2008","delka":"34,073","popis":"PVC 90 2008","obec":"578789","ku":"754480"},"geometry":{"type":"LineString","coordinates":[[16.6775,49.792492],[16.677501,49.792491],[16.677577,49.792404],[16.677745,49.79223]]}},{"type":"Feature","properties":{"oid":22199,"mat":"PolyVinylChlorid (PVC)","dn":"90","rok":"2016","delka":"60,429","popis":"PVC 90 2016","obec":"578789","ku":"754480"},"geometry":{"type":"LineString","coordinates":[[16.678482,49.792493],[16.678476,49.792491],[16.678472,49.792489],[16.67823,49.792394],[16.678227,49.792394],[16.677809,49.792253],[16.677747,49.792231]]}},{"type":"Feature","properties":{"oid":22200,"mat":"PolyVinylChlorid (PVC)","dn":"90","rok":"2016","delka":"42,17","popis":"PVC 90 2016","obec":"578789","ku":"754480"},"geometry":{"type":"LineString","coordinates":[[16.677868,49.792071],[16.677518,49.791948],[16.67737,49.791896],[16.677358,49.791892],[16.677353,49.791891]]}},{"type":"Feature","properties":{"oid":22201,"mat":"PolyVinylChlorid (PVC)","dn":"90","rok":"2016","delka":"0,163","popis":"","obec":"578789","ku":"754480"},"geometry":{"type":"LineString","coordinates":[[16.677747,49.792231],[16.677745,49.79223]]}},{"type":"Feature","properties":{"oid":22202,"mat":"PolyVinylChlorid (PVC)","dn":"90","rok":"2016","delka":"0,125","popis":"","obec":"578789","ku":"754480"},"geometry":{"type":"LineString","coordinates":[[16.677868,49.792071],[16.67787,49.792071]]}},{"type":"Feature","properties":{"oid":22203,"mat":"PolyVinylChlorid (PVC)","dn":"90","rok":"2004","delka":"5,876","popis":"","obec":"578789","ku":"754480"},"geometry":{"type":"LineString","coordinates":[[16.678957,49.793196],[16.679035,49.793211]]}},{"type":"Feature","properties":{"oid":22205,"mat":"Litina (Li)","dn":"80","rok":"2016","delka":"0,8","popis":"","obec":"578789","ku":"754480"},"geometry":{"type":"LineString","coordinates":[[16.674897,49.792612],[16.674895,49.792605]]}},{"type":"Feature","properties":{"oid":22206,"mat":"neznámý (*)","dn":"neznámé","rok":"","delka":"3,434","popis":"","obec":"578789","ku":"754480"},"geometry":{"type":"LineString","coordinates":[[16.674545,49.793078],[16.674542,49.793109]]}},{"type":"Feature","properties":{"oid":22214,"mat":"PolyVinylChlorid (PVC)","dn":"110","rok":"1976","delka":"74,141","popis":"PVC 110 1976","obec":"578789","ku":"754480"},"geometry":{"type":"LineString","coordinates":[[16.68065,49.793341],[16.68094,49.793479],[16.680948,49.793483],[16.681042,49.793528],[16.681111,49.793462],[16.681113,49.79346],[16.681176,49.793394],[16.681237,49.793331],[16.6813,49.793254],[16.681319,49.793231],[16.681322,49.793227]]}},{"type":"Feature","properties":{"oid":22226,"mat":"neznámý (*)","dn":"neznámé","rok":"","delka":"0,028","popis":"","obec":"578789","ku":"754480"},"geometry":{"type":"LineString","coordinates":[[16.68208,49.792221],[16.682081,49.792221]]}},{"type":"Feature","properties":{"oid":22230,"mat":"Litina (Li)","dn":"80","rok":"1976","delka":"0,252","popis":"","obec":"578789","ku":"754480"},"geometry":{"type":"LineString","coordinates":[[16.681326,49.793228],[16.681329,49.793229]]}},{"type":"Feature","properties":{"oid":22231,"mat":"PolyVinylChlorid (PVC)","dn":"150","rok":"1988","delka":"2,393","popis":"","obec":"578789","ku":"754480"},"geometry":{"type":"LineString","coordinates":[[16.684397,49.791911],[16.68443,49.79191]]}},{"type":"Feature","properties":{"oid":22232,"mat":"PolyVinylChlorid (PVC)","dn":"150","rok":"1988","delka":"3,823","popis":"","obec":"578789","ku":"754480"},"geometry":{"type":"LineString","coordinates":[[16.68443,49.79191],[16.684483,49.791908]]}},{"type":"Feature","properties":{"oid":22233,"mat":"PolyVinylChlorid (PVC)","dn":"110","rok":"1976","delka":"96,224","popis":"PVC 110 1976","obec":"578789","ku":"754480"},"geometry":{"type":"LineString","coordinates":[[16.680734,49.793062],[16.680949,49.792896],[16.681018,49.792855],[16.681161,49.792892],[16.681477,49.792982],[16.681429,49.793062],[16.681401,49.793105],[16.681348,49.793186],[16.681322,49.793227]]}},{"type":"Feature","properties":{"oid":22234,"mat":"Litina (Li)","dn":"100","rok":"1984","delka":"0,313","popis":"","obec":"578789","ku":"754480"},"geometry":{"type":"LineString","coordinates":[[16.681374,49.791237],[16.681374,49.791237],[16.68137,49.791236]]}},{"type":"Feature","properties":{"oid":22235,"mat":"Litina (Li)","dn":"80","rok":"2012","delka":"0,347","popis":"","obec":"578789","ku":"754480"},"geometry":{"type":"LineString","coordinates":[[16.681464,49.791186],[16.681462,49.791184]]}},{"type":"Feature","properties":{"oid":22241,"mat":"PolyVinylChlorid (PVC)","dn":"150","rok":"1988","delka":"1,19","popis":"","obec":"578789","ku":"754480"},"geometry":{"type":"LineString","coordinates":[[16.681895,49.792089],[16.681903,49.792098]]}},{"type":"Feature","properties":{"oid":22242,"mat":"PolyVinylChlorid (PVC)","dn":"150","rok":"1988","delka":"189,438","popis":"PVC 150 1988","obec":"578789","ku":"754480"},"geometry":{"type":"LineString","coordinates":[[16.681903,49.792098],[16.682081,49.792221],[16.683408,49.791984],[16.68438,49.791913],[16.684397,49.791911]]}},{"type":"Feature","properties":{"oid":22245,"mat":"PolyEthylen (PE)","dn":"90","rok":"2012","delka":"69,304","popis":"PE 90 2012","obec":"578789","ku":"754480"},"geometry":{"type":"LineString","coordinates":[[16.681473,49.791184],[16.681518,49.791193],[16.681551,49.791199],[16.681677,49.791222],[16.681874,49.791262],[16.682025,49.791307],[16.682172,49.791351],[16.68237,49.791406]]}},{"type":"Feature","properties":{"oid":22246,"mat":"PolyEthylen (PE)","dn":"90","rok":"2022","delka":"9,432","popis":"PE 90 2022","obec":"578789","ku":"754480"},"geometry":{"type":"LineString","coordinates":[[16.682013,49.792006],[16.681885,49.791989]]}},{"type":"Feature","properties":{"oid":22247,"mat":"PolyEthylen (PE)","dn":"90","rok":"2022","delka":"6,11","popis":"PE 90 2022","obec":"578789","ku":"754480"},"geometry":{"type":"LineString","coordinates":[[16.682444,49.791433],[16.68237,49.791406]]}},{"type":"Feature","properties":{"oid":22248,"mat":"PolyEthylen (PE)","dn":"110","rok":"2022","delka":"70,584","popis":"PE 110 2022","obec":"578789","ku":"754480"},"geometry":{"type":"LineString","coordinates":[[16.682015,49.792007],[16.682045,49.791965],[16.682141,49.791831],[16.682192,49.791763],[16.68225,49.791692],[16.682305,49.791621],[16.682376,49.791536],[16.682429,49.79147],[16.682449,49.791438]]}},{"type":"Feature","properties":{"oid":23003,"mat":"PolyVinylChlorid (PVC)","dn":"90","rok":"2006","delka":"192,843","popis":"PVC 90 2006","obec":"578789","ku":"754480"},"geometry":{"type":"LineString","coordinates":[[16.685839,49.786973],[16.685842,49.786952],[16.685853,49.786899],[16.685896,49.78677],[16.685942,49.786673],[16.685989,49.786584],[16.686034,49.786498],[16.68608,49.786414],[16.686107,49.786352],[16.686186,49.786197],[16.686293,49.785961],[16.686354,49.785827],[16.686416,49.78567],[16.686485,49.785515],[16.686581,49.785309]]}},{"type":"Feature","properties":{"oid":23004,"mat":"PolyEthylen (PE)","dn":"90","rok":"2018","delka":"173,837","popis":"PE 90 2018","obec":"578789","ku":"754480"},"geometry":{"type":"LineString","coordinates":[[16.689024,49.782496],[16.688978,49.782537],[16.688711,49.782754],[16.688492,49.782935],[16.68847,49.782953],[16.68831,49.783079],[16.688111,49.783232],[16.687958,49.783352],[16.687776,49.783499],[16.687772,49.783502],[16.687501,49.783709]]}},{"type":"Feature","properties":{"oid":23005,"mat":"PolyVinylChlorid (PVC)","dn":"90","rok":"2006","delka":"246,802","popis":"PVC 90 2006","obec":"578789","ku":"754480"},"geometry":{"type":"LineString","coordinates":[[16.685839,49.786973],[16.685832,49.787006],[16.685799,49.787178],[16.685732,49.787289],[16.685716,49.787321],[16.685646,49.787459],[16.685578,49.787616],[16.685476,49.787814],[16.685396,49.787998],[16.685291,49.78821],[16.685196,49.788423],[16.685106,49.788605],[16.684995,49.788831],[16.684864,49.789081],[16.684854,49.789095]]}},{"type":"Feature","properties":{"oid":23007,"mat":"PolyEthylen (PE)","dn":"90","rok":"2022","delka":"4,051","popis":"PE 90 2022","obec":"578789","ku":"754480"},"geometry":{"type":"LineString","coordinates":[[16.683494,49.790378],[16.683541,49.790397]]}},{"type":"Feature","properties":{"oid":23008,"mat":"Litina (Li)","dn":"80","rok":"2022","delka":"0,977","popis":"","obec":"578789","ku":"754480"},"geometry":{"type":"LineString","coordinates":[[16.684834,49.789119],[16.684841,49.789122],[16.684846,49.789123]]}},{"type":"Feature","properties":{"oid":23011,"mat":"Litina (Li)","dn":"80","rok":"2006","delka":"0,414","popis":"","obec":"578789","ku":"754480"},"geometry":{"type":"LineString","coordinates":[[16.685834,49.786973],[16.685839,49.786973]]}},{"type":"Feature","properties":{"oid":23012,"mat":"PolyVinylChlorid (PVC)","dn":"150","rok":"1988","delka":"154,68","popis":"","obec":"578789","ku":"754480"},"geometry":{"type":"LineString","coordinates":[[16.695277,49.789985],[16.696668,49.789508],[16.697153,49.789309]]}},{"type":"Feature","properties":{"oid":23013,"mat":"PolyVinylChlorid (PVC)","dn":"150","rok":"1988","delka":"228,445","popis":"PVC 150 1988","obec":"578789","ku":"754480"},"geometry":{"type":"LineString","coordinates":[[16.691602,49.791246],[16.691612,49.791243],[16.69187,49.791204],[16.693827,49.790574],[16.694421,49.790321]]}},{"type":"Feature","properties":{"oid":23014,"mat":"PolyEthylen (PE)","dn":"63","rok":"2017","delka":"50,166","popis":"PE 63 2017","obec":"578789","ku":"754480"},"geometry":{"type":"LineString","coordinates":[[16.694422,49.790322],[16.69456,49.790469],[16.694593,49.790502],[16.694779,49.790699],[16.694785,49.790707]]}},{"type":"Feature","properties":{"oid":23017,"mat":"PolyVinylChlorid (PVC)","dn":"150","rok":"1988","delka":"35,45","popis":"PVC 150 1988","obec":"578789","ku":"754480"},"geometry":{"type":"LineString","coordinates":[[16.691115,49.791306],[16.69113,49.791304],[16.691599,49.791247]]}},{"type":"Feature","properties":{"oid":23018,"mat":"Litina (Li)","dn":"80","rok":"1988","delka":"0,222","popis":"","obec":"578789","ku":"754480"},"geometry":{"type":"LineString","coordinates":[[16.691599,49.791247],[16.691598,49.791245]]}},{"type":"Feature","properties":{"oid":23019,"mat":"Litina (Li)","dn":"80","rok":"1988","delka":"0,234","popis":"","obec":"578789","ku":"754480"},"geometry":{"type":"LineString","coordinates":[[16.691598,49.791245],[16.691596,49.791243]]}},{"type":"Feature","properties":{"oid":23020,"mat":"PolyVinylChlorid (PVC)","dn":"150","rok":"1988","delka":"0,227","popis":"PVC 150 1988","obec":"578789","ku":"754480"},"geometry":{"type":"LineString","coordinates":[[16.691599,49.791247],[16.691602,49.791246]]}},{"type":"Feature","properties":{"oid":23023,"mat":"Litina (Li)","dn":"80","rok":"1988","delka":"0,4","popis":"","obec":"578789","ku":"754480"},"geometry":{"type":"LineString","coordinates":[[16.695274,49.789982],[16.695277,49.789985]]}},{"type":"Feature","properties":{"oid":23024,"mat":"PolyVinylChlorid (PVC)","dn":"150","rok":"1988","delka":"3,659","popis":"","obec":"578789","ku":"754480"},"geometry":{"type":"LineString","coordinates":[[16.699736,49.788407],[16.699781,49.788392]]}},{"type":"Feature","properties":{"oid":23025,"mat":"PolyVinylChlorid (PVC)","dn":"160","rok":"1988","delka":"88,369","popis":"PVC 150 1988","obec":"578789","ku":"754480"},"geometry":{"type":"LineString","coordinates":[[16.700813,49.788221],[16.701468,49.788371],[16.701994,49.788424]]}},{"type":"Feature","properties":{"oid":23027,"mat":"Litina (Li)","dn":"80","rok":"1988","delka":"0,4","popis":"","obec":"578789","ku":"754480"},"geometry":{"type":"LineString","coordinates":[[16.697153,49.789309],[16.697156,49.789312]]}},{"type":"Feature","properties":{"oid":23028,"mat":"Litina (Li)","dn":"80","rok":"1988","delka":"0,277","popis":"","obec":"578789","ku":"754480"},"geometry":{"type":"LineString","coordinates":[[16.697156,49.789312],[16.697159,49.789314]]}},{"type":"Feature","properties":{"oid":23029,"mat":"PolyVinylChlorid (PVC)","dn":"150","rok":"1988","delka":"91,319","popis":"","obec":"578789","ku":"754480"},"geometry":{"type":"LineString","coordinates":[[16.697153,49.789309],[16.697237,49.78928],[16.697674,49.789188],[16.698311,49.788981]]}},{"type":"Feature","properties":{"oid":23032,"mat":"Litina (Li)","dn":"80","rok":"1988","delka":"0,216","popis":"","obec":"578789","ku":"754480"},"geometry":{"type":"LineString","coordinates":[[16.698311,49.788981],[16.69831,49.788979]]}},{"type":"Feature","properties":{"oid":23033,"mat":"Litina (Li)","dn":"80","rok":"1988","delka":"0,291","popis":"","obec":"578789","ku":"754480"},"geometry":{"type":"LineString","coordinates":[[16.69831,49.788979],[16.698309,49.788976]]}},{"type":"Feature","properties":{"oid":23038,"mat":"PolyVinylChlorid (PVC)","dn":"150","rok":"1988","delka":"120,951","popis":"PVC 150 1988","obec":"578789","ku":"754480"},"geometry":{"type":"LineString","coordinates":[[16.699736,49.788407],[16.699735,49.788407],[16.699552,49.788492],[16.699007,49.788725],[16.698687,49.788844],[16.698335,49.78897],[16.69833,49.788972],[16.698317,49.788979],[16.698311,49.788981]]}},{"type":"Feature","properties":{"oid":23040,"mat":"Litina (Li)","dn":"80","rok":"1988","delka":"0,384","popis":"","obec":"578789","ku":"754480"},"geometry":{"type":"LineString","coordinates":[[16.699738,49.78841],[16.699736,49.788407]]}},{"type":"Feature","properties":{"oid":23047,"mat":"PolyEthylen (PE)","dn":"63","rok":"2008","delka":"97,275","popis":"rPE 2\" 2008","obec":"578789","ku":"754480"},"geometry":{"type":"LineString","coordinates":[[16.686787,49.785153],[16.686861,49.785184],[16.687068,49.785264],[16.687274,49.785311],[16.687389,49.785331],[16.687502,49.785345],[16.687613,49.785349],[16.687802,49.785352],[16.687867,49.785355],[16.68805,49.785375],[16.688055,49.785375],[16.688057,49.785376],[16.688059,49.785376],[16.688064,49.785376],[16.688067,49.785377]]}},{"type":"Feature","properties":{"oid":23055,"mat":"PolyEthylen (PE)","dn":"63","rok":"2008","delka":"0,296","popis":"rPE 2\" 2008","obec":"578789","ku":"754480"},"geometry":{"type":"LineString","coordinates":[[16.686784,49.785151],[16.686787,49.785153]]}},{"type":"Feature","properties":{"oid":23056,"mat":"PolyVinylChlorid (PVC)","dn":"90","rok":"2008","delka":"17,185","popis":"PVC 90 2008","obec":"578789","ku":"754480"},"geometry":{"type":"LineString","coordinates":[[16.686735,49.785191],[16.686686,49.78523],[16.686581,49.785309]]}},{"type":"Feature","properties":{"oid":23057,"mat":"Litina (Li)","dn":"80","rok":"2018","delka":"0,39","popis":"","obec":"578789","ku":"754480"},"geometry":{"type":"LineString","coordinates":[[16.687504,49.78371],[16.687506,49.783714]]}},{"type":"Feature","properties":{"oid":23059,"mat":"PolyEthylen (PE)","dn":"90","rok":"2018","delka":"209,105","popis":"PE 90 2018","obec":"578789","ku":"754480"},"geometry":{"type":"LineString","coordinates":[[16.687501,49.783709],[16.687338,49.783829],[16.687126,49.783977],[16.687124,49.783979],[16.68712,49.783981],[16.686994,49.784073],[16.686703,49.784272],[16.686458,49.784455],[16.686276,49.784592],[16.686257,49.784642],[16.686253,49.784671],[16.686253,49.784699],[16.686256,49.784725],[16.686265,49.784752],[16.686274,49.784778],[16.686306,49.784828],[16.686345,49.784876],[16.686397,49.784925],[16.686421,49.784942],[16.686566,49.785038],[16.68678,49.78515]]}},{"type":"Feature","properties":{"oid":23061,"mat":"Litina (Li)","dn":"80","rok":"2008","delka":"0,393","popis":"","obec":"578789","ku":"754480"},"geometry":{"type":"LineString","coordinates":[[16.686733,49.78519],[16.686729,49.785187]]}},{"type":"Feature","properties":{"oid":23065,"mat":"","dn":"","rok":"","delka":"","popis":"","obec":"578789","ku":"754480"},"geometry":{"type":"LineString","coordinates":[[16.689027,49.7825],[16.689033,49.782503]]}},{"type":"Feature","properties":{"oid":23066,"mat":"PE","dn":"90","rok":"2018","delka":"","popis":"PE 90 2018","obec":"578789","ku":"754480"},"geometry":{"type":"LineString","coordinates":[[16.689024,49.782496],[16.689026,49.782495]]}},{"type":"Feature","properties":{"oid":23264,"mat":"PolyVinylChlorid (PVC)","dn":"90","rok":"1988","delka":"0,347","popis":"PVC 150 1988","obec":"572683","ku":"626074"},"geometry":{"type":"LineString","coordinates":[[16.706082,49.787567],[16.706083,49.78757]]}},{"type":"Feature","properties":{"oid":23265,"mat":"PolyVinylChlorid (PVC)","dn":"160","rok":"1988","delka":"240,546","popis":"PVC 150 1988","obec":"572683","ku":"626074"},"geometry":{"type":"LineString","coordinates":[[16.706084,49.787574],[16.706645,49.787469],[16.706796,49.787466],[16.707065,49.78747],[16.70747,49.787491],[16.707635,49.7875],[16.707964,49.787513],[16.708881,49.787595],[16.709382,49.787537]]}},{"type":"Feature","properties":{"oid":23267,"mat":"PolyVinylChlorid (PVC)","dn":"110","rok":"1988","delka":"199,102","popis":"PVC 100 1988","obec":"572683","ku":"626074"},"geometry":{"type":"LineString","coordinates":[[16.705046,49.787189],[16.705045,49.787189],[16.705029,49.787395],[16.704285,49.787832],[16.703386,49.78797],[16.702901,49.788002],[16.702873,49.788008]]}},{"type":"Feature","properties":{"oid":23268,"mat":"PolyVinylChlorid (PVC)","dn":"160","rok":"1989","delka":"88,194","popis":"PVC 150 1988","obec":"572683","ku":"626074"},"geometry":{"type":"LineString","coordinates":[[16.715207,49.788529],[16.716261,49.788144],[16.716265,49.788143],[16.716274,49.78814]]}},{"type":"Feature","properties":{"oid":23269,"mat":"PolyVinylChlorid (PVC)","dn":"160","rok":"1989","delka":"66,385","popis":"PVC 150 1988","obec":"572683","ku":"626074"},"geometry":{"type":"LineString","coordinates":[[16.713497,49.788886],[16.714026,49.788882],[16.71433,49.788884],[16.714409,49.788857]]}},{"type":"Feature","properties":{"oid":23270,"mat":"PolyVinylChlorid (PVC)","dn":"160","rok":"1989","delka":"91,917","popis":"PVC 160 1989","obec":"572683","ku":"626074"},"geometry":{"type":"LineString","coordinates":[[16.710165,49.78903],[16.710006,49.788366],[16.709962,49.788215]]}},{"type":"Feature","properties":{"oid":23271,"mat":"PolyVinylChlorid (PVC)","dn":"160","rok":"1989","delka":"77,414","popis":"PVC 150 1988","obec":"572683","ku":"626074"},"geometry":{"type":"LineString","coordinates":[[16.708045,49.788664],[16.708411,49.788923],[16.708672,49.789224]]}},{"type":"Feature","properties":{"oid":23272,"mat":"PolyVinylChlorid (PVC)","dn":"160","rok":"1989","delka":"278,381","popis":"PVC 150 1988","obec":"572683","ku":"626074"},"geometry":{"type":"LineString","coordinates":[[16.703375,49.789294],[16.703924,49.789481],[16.704075,49.789539],[16.704201,49.789474],[16.704433,49.78937],[16.70542,49.788939],[16.705877,49.788747],[16.706342,49.788605],[16.706712,49.788557]]}},{"type":"Feature","properties":{"oid":23274,"mat":"PolyVinylChlorid (PVC)","dn":"110","rok":"1988","delka":"40,325","popis":"PVC 100 1988","obec":"578789","ku":"754480"},"geometry":{"type":"LineString","coordinates":[[16.702868,49.788009],[16.702865,49.788009],[16.702905,49.788369]]}},{"type":"Feature","properties":{"oid":23275,"mat":"PolyVinylChlorid (PVC)","dn":"160","rok":"1988","delka":"132,055","popis":"PVC 150 1988","obec":"578789","ku":"626074"},"geometry":{"type":"LineString","coordinates":[[16.703063,49.788371],[16.703119,49.788372],[16.703175,49.788368],[16.70367,49.788249],[16.703939,49.788161],[16.704116,49.7881],[16.704743,49.787911]]}},{"type":"Feature","properties":{"oid":23276,"mat":"PolyVinylChlorid (PVC)","dn":"160","rok":"1988","delka":"103,734","popis":"PVC 150 1988","obec":"572683","ku":"626074"},"geometry":{"type":"LineString","coordinates":[[16.704743,49.787911],[16.705137,49.787792],[16.705585,49.787678],[16.705935,49.787598],[16.706084,49.787574]]}},{"type":"Feature","properties":{"oid":23277,"mat":"PolyVinylChlorid (PVC)","dn":"160","rok":"1988","delka":"65,808","popis":"PVC 150 1988","obec":"578789","ku":"754480"},"geometry":{"type":"LineString","coordinates":[[16.701997,49.788424],[16.702562,49.788376],[16.702906,49.788371]]}},{"type":"Feature","properties":{"oid":23278,"mat":"PolyVinylChlorid (PVC)","dn":"160","rok":"1989","delka":"0,329","popis":"PVC 150 1988","obec":"578789","ku":"754480"},"geometry":{"type":"LineString","coordinates":[[16.701994,49.788424],[16.701993,49.788427]]}},{"type":"Feature","properties":{"oid":23279,"mat":"PolyVinylChlorid (PVC)","dn":"160","rok":"1989","delka":"0,772","popis":"PVC 150 1988","obec":"578789","ku":"754480"},"geometry":{"type":"LineString","coordinates":[[16.701993,49.788427],[16.701991,49.788434]]}},{"type":"Feature","properties":{"oid":23280,"mat":"PolyVinylChlorid (PVC)","dn":"90","rok":"1989","delka":"0,2","popis":"PVC 150 1988","obec":"578789","ku":"754480"},"geometry":{"type":"LineString","coordinates":[[16.701999,49.788434],[16.701997,49.788434]]}},{"type":"Feature","properties":{"oid":23281,"mat":"PolyVinylChlorid (PVC)","dn":"90","rok":"1989","delka":"0,4","popis":"PVC 150 1988","obec":"578789","ku":"754480"},"geometry":{"type":"LineString","coordinates":[[16.701997,49.788434],[16.701991,49.788434]]}},{"type":"Feature","properties":{"oid":23282,"mat":"PolyVinylChlorid (PVC)","dn":"160","rok":"1989","delka":"128,975","popis":"PVC 150 1988","obec":"578789","ku":"754480"},"geometry":{"type":"LineString","coordinates":[[16.701991,49.788434],[16.702756,49.789483]]}},{"type":"Feature","properties":{"oid":23283,"mat":"PolyVinylChlorid (PVC)","dn":"90","rok":"1989","delka":"0,4","popis":"PVC 150 1988","obec":"578789","ku":"754480"},"geometry":{"type":"LineString","coordinates":[[16.702756,49.789483],[16.702751,49.789485]]}},{"type":"Feature","properties":{"oid":23284,"mat":"PolyVinylChlorid (PVC)","dn":"90","rok":"1989","delka":"0,344","popis":"PVC 150 1988","obec":"578789","ku":"754480"},"geometry":{"type":"LineString","coordinates":[[16.702751,49.789485],[16.702747,49.789486]]}},{"type":"Feature","properties":{"oid":23285,"mat":"PolyVinylChlorid (PVC)","dn":"160","rok":"1989","delka":"57,254","popis":"PVC 150 1988","obec":"578789","ku":"626074"},"geometry":{"type":"LineString","coordinates":[[16.702756,49.789483],[16.70281,49.789542],[16.703188,49.789408],[16.703375,49.789294]]}},{"type":"Feature","properties":{"oid":23288,"mat":"PolyVinylChlorid (PVC)","dn":"90","rok":"1989","delka":"0,4","popis":"PVC 150 1988","obec":"572683","ku":"626074"},"geometry":{"type":"LineString","coordinates":[[16.703375,49.789294],[16.703371,49.789291]]}},{"type":"Feature","properties":{"oid":23289,"mat":"PolyVinylChlorid (PVC)","dn":"90","rok":"1989","delka":"0,303","popis":"PVC 150 1988","obec":"572683","ku":"626074"},"geometry":{"type":"LineString","coordinates":[[16.703371,49.789291],[16.703367,49.789291]]}},{"type":"Feature","properties":{"oid":23294,"mat":"PolyVinylChlorid (PVC)","dn":"90","rok":"1989","delka":"0,241","popis":"PVC 150 1988","obec":"572683","ku":"626074"},"geometry":{"type":"LineString","coordinates":[[16.706712,49.788557],[16.706712,49.788559]]}},{"type":"Feature","properties":{"oid":23295,"mat":"PolyVinylChlorid (PVC)","dn":"90","rok":"1989","delka":"0,263","popis":"PVC 150 1988","obec":"572683","ku":"626074"},"geometry":{"type":"LineString","coordinates":[[16.706712,49.788559],[16.706711,49.788561]]}},{"type":"Feature","properties":{"oid":23296,"mat":"PolyVinylChlorid (PVC)","dn":"90","rok":"1989","delka":"0,201","popis":"PVC 150 1988","obec":"572683","ku":"626074"},"geometry":{"type":"LineString","coordinates":[[16.708045,49.788664],[16.708045,49.788666]]}},{"type":"Feature","properties":{"oid":23297,"mat":"PolyVinylChlorid (PVC)","dn":"90","rok":"1989","delka":"0,321","popis":"PVC 150 1988","obec":"572683","ku":"626074"},"geometry":{"type":"LineString","coordinates":[[16.708045,49.788666],[16.708043,49.788668]]}},{"type":"Feature","properties":{"oid":23298,"mat":"PolyVinylChlorid (PVC)","dn":"160","rok":"1989","delka":"96,721","popis":"PVC 150 1988","obec":"572683","ku":"626074"},"geometry":{"type":"LineString","coordinates":[[16.706712,49.788557],[16.707711,49.788637],[16.708045,49.788664]]}},{"type":"Feature","properties":{"oid":23302,"mat":"PolyVinylChlorid (PVC)","dn":"90","rok":"1988","delka":"0,111","popis":"PVC 100 1988","obec":"572683","ku":"626074"},"geometry":{"type":"LineString","coordinates":[[16.702873,49.788008],[16.702872,49.788007]]}},{"type":"Feature","properties":{"oid":23303,"mat":"PolyVinylChlorid (PVC)","dn":"90","rok":"1988","delka":"0,416","popis":"PVC 100 1988","obec":"572683","ku":"626074"},"geometry":{"type":"LineString","coordinates":[[16.702872,49.788007],[16.702877,49.788004]]}},{"type":"Feature","properties":{"oid":23304,"mat":"PolyVinylChlorid (PVC)","dn":"110","rok":"1988","delka":"0,355","popis":"PVC 100 1988","obec":"572683","ku":"626074"},"geometry":{"type":"LineString","coordinates":[[16.702868,49.788009],[16.702873,49.788008]]}},{"type":"Feature","properties":{"oid":23306,"mat":"PolyVinylChlorid (PVC)","dn":"110","rok":"1988","delka":"0,2","popis":"PVC 100 1988","obec":"578789","ku":"754480"},"geometry":{"type":"LineString","coordinates":[[16.702905,49.788369],[16.702906,49.788371]]}},{"type":"Feature","properties":{"oid":23307,"mat":"PolyVinylChlorid (PVC)","dn":"90","rok":"1988","delka":"0,389","popis":"PVC 150 1988","obec":"578789","ku":"754480"},"geometry":{"type":"LineString","coordinates":[[16.703063,49.788365],[16.703063,49.788369]]}},{"type":"Feature","properties":{"oid":23308,"mat":"PolyVinylChlorid (PVC)","dn":"90","rok":"1988","delka":"0,2","popis":"PVC 150 1988","obec":"578789","ku":"754480"},"geometry":{"type":"LineString","coordinates":[[16.703063,49.788369],[16.703063,49.788371]]}},{"type":"Feature","properties":{"oid":23309,"mat":"PolyVinylChlorid (PVC)","dn":"160","rok":"1988","delka":"11,349","popis":"PVC 150 1988","obec":"578789","ku":"754480"},"geometry":{"type":"LineString","coordinates":[[16.702906,49.788371],[16.703063,49.788371]]}},{"type":"Feature","properties":{"oid":23313,"mat":"PolyVinylChlorid (PVC)","dn":"90","rok":"1988","delka":"0,264","popis":"PVC 150 1988","obec":"572683","ku":"626074"},"geometry":{"type":"LineString","coordinates":[[16.704739,49.787907],[16.704741,49.787909]]}},{"type":"Feature","properties":{"oid":23314,"mat":"PolyVinylChlorid (PVC)","dn":"90","rok":"1988","delka":"0,2","popis":"PVC 150 1988","obec":"572683","ku":"626074"},"geometry":{"type":"LineString","coordinates":[[16.704741,49.787909],[16.704743,49.787911]]}},{"type":"Feature","properties":{"oid":23317,"mat":"PolyVinylChlorid (PVC)","dn":"90","rok":"1988","delka":"0,4","popis":"PVC 150 1988","obec":"572683","ku":"626074"},"geometry":{"type":"LineString","coordinates":[[16.706083,49.78757],[16.706084,49.787574]]}},{"type":"Feature","properties":{"oid":23319,"mat":"PolyVinylChlorid (PVC)","dn":"90","rok":"2011","delka":"92,837","popis":"PVC 90 2011","obec":"572683","ku":"626074"},"geometry":{"type":"LineString","coordinates":[[16.70964,49.788243],[16.709637,49.788243],[16.709625,49.788251],[16.709501,49.788248],[16.7092,49.788233],[16.709014,49.788218],[16.70887,49.788206],[16.708688,49.788195],[16.708549,49.788188],[16.708436,49.788183],[16.708362,49.78818]]}},{"type":"Feature","properties":{"oid":23326,"mat":"PolyVinylChlorid (PVC)","dn":"160","rok":"1989","delka":"84,345","popis":"PVC 150 1988","obec":"572683","ku":"626074"},"geometry":{"type":"LineString","coordinates":[[16.708672,49.789224],[16.708761,49.789291],[16.70904,49.789373],[16.709759,49.789449]]}},{"type":"Feature","properties":{"oid":23327,"mat":"PolyVinylChlorid (PVC)","dn":"160","rok":"1989","delka":"49,089","popis":"PVC 150 1988","obec":"572683","ku":"626074"},"geometry":{"type":"LineString","coordinates":[[16.709759,49.789449],[16.710395,49.789604],[16.710397,49.789604]]}},{"type":"Feature","properties":{"oid":23328,"mat":"PolyVinylChlorid (PVC)","dn":"160","rok":"1989","delka":"115,609","popis":"PVC 150 1988","obec":"572683","ku":"626074"},"geometry":{"type":"LineString","coordinates":[[16.711952,49.789053],[16.712415,49.788895],[16.713414,49.78889],[16.713497,49.788886]]}},{"type":"Feature","properties":{"oid":23330,"mat":"PolyVinylChlorid (PVC)","dn":"90","rok":"1989","delka":"0,2","popis":"PVC 150 1988","obec":"572683","ku":"626074"},"geometry":{"type":"LineString","coordinates":[[16.708672,49.789224],[16.708672,49.789226]]}},{"type":"Feature","properties":{"oid":23331,"mat":"PolyVinylChlorid (PVC)","dn":"90","rok":"1989","delka":"0,149","popis":"PVC 150 1988","obec":"572683","ku":"626074"},"geometry":{"type":"LineString","coordinates":[[16.708672,49.789226],[16.70867,49.789227]]}},{"type":"Feature","properties":{"oid":23332,"mat":"PolyVinylChlorid (PVC)","dn":"90","rok":"1989","delka":"0,167","popis":"PVC 150 1988","obec":"572683","ku":"626074"},"geometry":{"type":"LineString","coordinates":[[16.709758,49.789452],[16.709759,49.78945]]}},{"type":"Feature","properties":{"oid":23333,"mat":"PolyVinylChlorid (PVC)","dn":"90","rok":"1989","delka":"0,2","popis":"PVC 150 1988","obec":"572683","ku":"626074"},"geometry":{"type":"LineString","coordinates":[[16.709759,49.78945],[16.709759,49.789449]]}},{"type":"Feature","properties":{"oid":23334,"mat":"PolyVinylChlorid (PVC)","dn":"160","rok":"1989","delka":"0,244","popis":"PVC 150 1988","obec":"572683","ku":"626074"},"geometry":{"type":"LineString","coordinates":[[16.710397,49.789604],[16.7104,49.789603]]}},{"type":"Feature","properties":{"oid":23335,"mat":"PolyVinylChlorid (PVC)","dn":"160","rok":"1989","delka":"127,136","popis":"PVC 150 1988","obec":"572683","ku":"626074"},"geometry":{"type":"LineString","coordinates":[[16.710404,49.789603],[16.711952,49.789053]]}},{"type":"Feature","properties":{"oid":23336,"mat":"PolyVinylChlorid (PVC)","dn":"90","rok":"1989","delka":"0,2","popis":"PVC 150 1988","obec":"572683","ku":"626074"},"geometry":{"type":"LineString","coordinates":[[16.711952,49.789053],[16.711952,49.789051]]}},{"type":"Feature","properties":{"oid":23337,"mat":"PolyVinylChlorid (PVC)","dn":"90","rok":"1989","delka":"0,828","popis":"PVC 150 1988","obec":"572683","ku":"626074"},"geometry":{"type":"LineString","coordinates":[[16.711952,49.789051],[16.711946,49.789045]]}},{"type":"Feature","properties":{"oid":23338,"mat":"PolyVinylChlorid (PVC)","dn":"160","rok":"1989","delka":"0,305","popis":"PVC 150 1988","obec":"572683","ku":"626074"},"geometry":{"type":"LineString","coordinates":[[16.7104,49.789603],[16.710399,49.789601]]}},{"type":"Feature","properties":{"oid":23339,"mat":"PolyVinylChlorid (PVC)","dn":"160","rok":"1989","delka":"66,192","popis":"PVC 160 1989","obec":"572683","ku":"626074"},"geometry":{"type":"LineString","coordinates":[[16.710399,49.789601],[16.710218,49.789308],[16.710185,49.789083],[16.710165,49.78903]]}},{"type":"Feature","properties":{"oid":23342,"mat":"PolyVinylChlorid (PVC)","dn":"90","rok":"1989","delka":"0,255","popis":"PVC 160 1989","obec":"572683","ku":"626074"},"geometry":{"type":"LineString","coordinates":[[16.710165,49.78903],[16.710169,49.78903]]}},{"type":"Feature","properties":{"oid":23343,"mat":"PolyVinylChlorid (PVC)","dn":"90","rok":"1989","delka":"0,273","popis":"PVC 160 1989","obec":"572683","ku":"626074"},"geometry":{"type":"LineString","coordinates":[[16.710169,49.78903],[16.710172,49.78903]]}},{"type":"Feature","properties":{"oid":23345,"mat":"Litina (Li)","dn":"80","rok":"1989","delka":"0,155","popis":"","obec":"572683","ku":"626074"},"geometry":{"type":"LineString","coordinates":[[16.713497,49.788886],[16.713496,49.788885]]}},{"type":"Feature","properties":{"oid":23346,"mat":"Litina (Li)","dn":"80","rok":"1989","delka":"0,291","popis":"","obec":"572683","ku":"626074"},"geometry":{"type":"LineString","coordinates":[[16.713496,49.788885],[16.713496,49.788882]]}},{"type":"Feature","properties":{"oid":23349,"mat":"PolyVinylChlorid (PVC)","dn":"90","rok":"2000","delka":"23,341","popis":"PVC 90 2000","obec":"572683","ku":"626074"},"geometry":{"type":"LineString","coordinates":[[16.709962,49.788215],[16.70964,49.788243]]}},{"type":"Feature","properties":{"oid":23350,"mat":"PolyVinylChlorid (PVC)","dn":"160","rok":"1989","delka":"1,778","popis":"","obec":"572683","ku":"626074"},"geometry":{"type":"LineString","coordinates":[[16.715186,49.788537],[16.715204,49.788529],[16.715207,49.788529]]}},{"type":"Feature","properties":{"oid":23351,"mat":"Litina (Li)","dn":"80","rok":"2025","delka":"0,516","popis":"","obec":"572683","ku":"626074"},"geometry":{"type":"LineString","coordinates":[[16.715187,49.788541],[16.715193,49.788544]]}},{"type":"Feature","properties":{"oid":23353,"mat":"PolyVinylChlorid (PVC)","dn":"90","rok":"1989","delka":"130,608","popis":"PVC 90 1989","obec":"572683","ku":"626074"},"geometry":{"type":"LineString","coordinates":[[16.713797,49.785748],[16.714089,49.785602],[16.714281,49.785497],[16.714436,49.785419],[16.715164,49.785049],[16.715205,49.785023],[16.715211,49.785014]]}},{"type":"Feature","properties":{"oid":23354,"mat":"PolyVinylChlorid (PVC)","dn":"110","rok":"1988","delka":"29,883","popis":"PVC 100 1988","obec":"572683","ku":"626074"},"geometry":{"type":"LineString","coordinates":[[16.708266,49.78687],[16.70831,49.786877],[16.708642,49.786905],[16.708677,49.786908]]}},{"type":"Feature","properties":{"oid":23355,"mat":"PolyVinylChlorid (PVC)","dn":"90","rok":"1988","delka":"0,357","popis":"PVC 100 1988","obec":"572683","ku":"626074"},"geometry":{"type":"LineString","coordinates":[[16.708266,49.786863],[16.708266,49.786866]]}},{"type":"Feature","properties":{"oid":23356,"mat":"PolyVinylChlorid (PVC)","dn":"90","rok":"1988","delka":"0,4","popis":"PVC 100 1988","obec":"572683","ku":"626074"},"geometry":{"type":"LineString","coordinates":[[16.708266,49.786866],[16.708266,49.78687]]}},{"type":"Feature","properties":{"oid":23358,"mat":"PolyVinylChlorid (PVC)","dn":"110","rok":"1988","delka":"151,891","popis":"PVC 100 1988","obec":"572683","ku":"626074"},"geometry":{"type":"LineString","coordinates":[[16.706238,49.786501],[16.707436,49.78673],[16.707495,49.786752],[16.708096,49.78685],[16.708266,49.78687]]}},{"type":"Feature","properties":{"oid":23362,"mat":"PolyVinylChlorid (PVC)","dn":"90","rok":"1988","delka":"0,349","popis":"PVC 100 1988","obec":"572683","ku":"626074"},"geometry":{"type":"LineString","coordinates":[[16.706228,49.786499],[16.706233,49.7865]]}},{"type":"Feature","properties":{"oid":23363,"mat":"PolyVinylChlorid (PVC)","dn":"90","rok":"1988","delka":"0,4","popis":"PVC 100 1988","obec":"572683","ku":"626074"},"geometry":{"type":"LineString","coordinates":[[16.706233,49.7865],[16.706238,49.786501]]}},{"type":"Feature","properties":{"oid":23364,"mat":"PolyVinylChlorid (PVC)","dn":"110","rok":"1988","delka":"83,548","popis":"PVC 100 1988","obec":"572683","ku":"626074"},"geometry":{"type":"LineString","coordinates":[[16.706078,49.786849],[16.706069,49.786852],[16.705714,49.786963],[16.705496,49.787053],[16.705193,49.787152],[16.705046,49.787189]]}},{"type":"Feature","properties":{"oid":23365,"mat":"PolyVinylChlorid (PVC)","dn":"90","rok":"1988","delka":"0,4","popis":"PVC 100 1988","obec":"572683","ku":"626074"},"geometry":{"type":"LineString","coordinates":[[16.705046,49.787189],[16.705048,49.787193]]}},{"type":"Feature","properties":{"oid":23366,"mat":"PolyVinylChlorid (PVC)","dn":"90","rok":"1988","delka":"0,245","popis":"PVC 100 1988","obec":"572683","ku":"626074"},"geometry":{"type":"LineString","coordinates":[[16.705048,49.787193],[16.705049,49.787195]]}},{"type":"Feature","properties":{"oid":23373,"mat":"PolyVinylChlorid (PVC)","dn":"90","rok":"1988","delka":"0,533","popis":"","obec":"572683","ku":"626074"},"geometry":{"type":"LineString","coordinates":[[16.706082,49.786849],[16.706089,49.786847]]}},{"type":"Feature","properties":{"oid":23374,"mat":"PolyVinylChlorid (PVC)","dn":"110","rok":"1988","delka":"40,998","popis":"PVC 100 1988","obec":"572683","ku":"626074"},"geometry":{"type":"LineString","coordinates":[[16.706078,49.786849],[16.706111,49.786834],[16.706238,49.786501]]}},{"type":"Feature","properties":{"oid":23375,"mat":"PolyVinylChlorid (PVC)","dn":"110","rok":"1988","delka":"146,2","popis":"PVC 100 1988","obec":"572683","ku":"626074"},"geometry":{"type":"LineString","coordinates":[[16.711326,49.786805],[16.710953,49.786636],[16.710666,49.78665],[16.710045,49.786753],[16.709693,49.786799],[16.709412,49.786834]]}},{"type":"Feature","properties":{"oid":23378,"mat":"PolyVinylChlorid (PVC)","dn":"160","rok":"1988","delka":"46,433","popis":"PVC 150 1988","obec":"572683","ku":"626074"},"geometry":{"type":"LineString","coordinates":[[16.709831,49.787766],[16.709553,49.787741],[16.709391,49.787536],[16.709382,49.787537]]}},{"type":"Feature","properties":{"oid":23380,"mat":"PolyVinylChlorid (PVC)","dn":"110","rok":"1989","delka":"111,491","popis":"PVC 100 1989","obec":"572683","ku":"626074"},"geometry":{"type":"LineString","coordinates":[[16.711353,49.786813],[16.711418,49.786746],[16.711518,49.786678],[16.711604,49.786629],[16.711765,49.786583],[16.711848,49.786571],[16.711959,49.786565],[16.712461,49.786584],[16.712751,49.786597]]}},{"type":"Feature","properties":{"oid":23382,"mat":"PolyVinylChlorid (PVC)","dn":"110","rok":"1989","delka":"122,037","popis":"PVC 100 1989","obec":"572683","ku":"626074"},"geometry":{"type":"LineString","coordinates":[[16.710948,49.78775],[16.711004,49.787734],[16.711263,49.78753],[16.711361,49.787444],[16.711485,49.78731],[16.711333,49.787076],[16.711279,49.786959],[16.711288,49.786886],[16.71135,49.786816]]}},{"type":"Feature","properties":{"oid":23383,"mat":"PolyVinylChlorid (PVC)","dn":"160","rok":"1989","delka":"0,499","popis":"PVC 160 1989","obec":"572683","ku":"626074"},"geometry":{"type":"LineString","coordinates":[[16.709832,49.787771],[16.709831,49.787766]]}},{"type":"Feature","properties":{"oid":23384,"mat":"PolyVinylChlorid (PVC)","dn":"110","rok":"1989","delka":"0,196","popis":"PVC 100 1989","obec":"572683","ku":"626074"},"geometry":{"type":"LineString","coordinates":[[16.709831,49.787766],[16.709833,49.787767]]}},{"type":"Feature","properties":{"oid":23385,"mat":"PolyVinylChlorid (PVC)","dn":"110","rok":"1989","delka":"45,843","popis":"PVC 100 1989","obec":"572683","ku":"626074"},"geometry":{"type":"LineString","coordinates":[[16.709833,49.787767],[16.709844,49.787767],[16.710466,49.787814]]}},{"type":"Feature","properties":{"oid":23386,"mat":"PolyVinylChlorid (PVC)","dn":"90","rok":"1989","delka":"0,4","popis":"PVC 100 1989","obec":"572683","ku":"626074"},"geometry":{"type":"LineString","coordinates":[[16.710466,49.787814],[16.710465,49.787811]]}},{"type":"Feature","properties":{"oid":23387,"mat":"PolyVinylChlorid (PVC)","dn":"90","rok":"1989","delka":"0,171","popis":"PVC 100 1989","obec":"572683","ku":"626074"},"geometry":{"type":"LineString","coordinates":[[16.710465,49.787811],[16.710464,49.787809]]}},{"type":"Feature","properties":{"oid":23389,"mat":"PolyVinylChlorid (PVC)","dn":"110","rok":"1989","delka":"35,447","popis":"PVC 100 1989","obec":"572683","ku":"626074"},"geometry":{"type":"LineString","coordinates":[[16.710466,49.787814],[16.710611,49.787799],[16.710948,49.78775]]}},{"type":"Feature","properties":{"oid":23390,"mat":"PolyVinylChlorid (PVC)","dn":"90","rok":"1989","delka":"0,4","popis":"PVC 100 1989","obec":"572683","ku":"626074"},"geometry":{"type":"LineString","coordinates":[[16.710948,49.78775],[16.710946,49.787746]]}},{"type":"Feature","properties":{"oid":23391,"mat":"PolyVinylChlorid (PVC)","dn":"110","rok":"1989","delka":"0,349","popis":"PVC 100 1989","obec":"572683","ku":"626074"},"geometry":{"type":"LineString","coordinates":[[16.711353,49.786813],[16.71135,49.786816]]}},{"type":"Feature","properties":{"oid":23392,"mat":"PolyVinylChlorid (PVC)","dn":"110","rok":"1989","delka":"0,661","popis":"PVC 100 1989","obec":"572683","ku":"626074"},"geometry":{"type":"LineString","coordinates":[[16.71135,49.786816],[16.711343,49.786812]]}},{"type":"Feature","properties":{"oid":23393,"mat":"PolyVinylChlorid (PVC)","dn":"110","rok":"1989","delka":"1,417","popis":"PVC 100 1989","obec":"572683","ku":"626074"},"geometry":{"type":"LineString","coordinates":[[16.711343,49.786812],[16.711326,49.786805]]}},{"type":"Feature","properties":{"oid":23394,"mat":"PolyVinylChlorid (PVC)","dn":"90","rok":"1989","delka":"0,4","popis":"PVC 100 1989","obec":"572683","ku":"626074"},"geometry":{"type":"LineString","coordinates":[[16.711326,49.786805],[16.711329,49.786803]]}},{"type":"Feature","properties":{"oid":23397,"mat":"PolyVinylChlorid (PVC)","dn":"90","rok":"1988","delka":"0,044","popis":"PVC 100 1988","obec":"572683","ku":"626074"},"geometry":{"type":"LineString","coordinates":[[16.709412,49.786834],[16.709412,49.786834]]}},{"type":"Feature","properties":{"oid":23398,"mat":"PolyVinylChlorid (PVC)","dn":"90","rok":"1988","delka":"0,318","popis":"PVC 100 1988","obec":"572683","ku":"626074"},"geometry":{"type":"LineString","coordinates":[[16.709412,49.786834],[16.709411,49.786831]]}},{"type":"Feature","properties":{"oid":23401,"mat":"PolyVinylChlorid (PVC)","dn":"110","rok":"1988","delka":"53,627","popis":"PVC 100 1988","obec":"572683","ku":"626074"},"geometry":{"type":"LineString","coordinates":[[16.708677,49.786908],[16.709179,49.786868],[16.7094,49.786836],[16.709412,49.786834]]}},{"type":"Feature","properties":{"oid":23403,"mat":"PolyVinylChlorid (PVC)","dn":"90","rok":"1988","delka":"0,2","popis":"PVC 100 1988","obec":"572683","ku":"626074"},"geometry":{"type":"LineString","coordinates":[[16.708677,49.786908],[16.708677,49.786906]]}},{"type":"Feature","properties":{"oid":23404,"mat":"PolyVinylChlorid (PVC)","dn":"90","rok":"1988","delka":"0,347","popis":"PVC 100 1988","obec":"572683","ku":"626074"},"geometry":{"type":"LineString","coordinates":[[16.708677,49.786906],[16.708677,49.786903]]}},{"type":"Feature","properties":{"oid":23406,"mat":"PolyVinylChlorid (PVC)","dn":"90","rok":"1988","delka":"0,4","popis":"PVC 150 1988","obec":"572683","ku":"626074"},"geometry":{"type":"LineString","coordinates":[[16.709382,49.787537],[16.709384,49.78754]]}},{"type":"Feature","properties":{"oid":23407,"mat":"PolyVinylChlorid (PVC)","dn":"90","rok":"1988","delka":"0,218","popis":"PVC 150 1988","obec":"572683","ku":"626074"},"geometry":{"type":"LineString","coordinates":[[16.709384,49.78754],[16.709385,49.787542]]}},{"type":"Feature","properties":{"oid":23408,"mat":"PolyVinylChlorid (PVC)","dn":"110","rok":"1989","delka":"0,652","popis":"PVC 100 1989","obec":"572683","ku":"626074"},"geometry":{"type":"LineString","coordinates":[[16.712754,49.786589],[16.712752,49.786595]]}},{"type":"Feature","properties":{"oid":23409,"mat":"PolyVinylChlorid (PVC)","dn":"110","rok":"1989","delka":"0,199","popis":"PVC 100 1989","obec":"572683","ku":"626074"},"geometry":{"type":"LineString","coordinates":[[16.712752,49.786595],[16.712751,49.786597]]}},{"type":"Feature","properties":{"oid":23410,"mat":"PolyVinylChlorid (PVC)","dn":"110","rok":"1989","delka":"84,64","popis":"PVC 100 1989","obec":"572683","ku":"626074"},"geometry":{"type":"LineString","coordinates":[[16.712751,49.786597],[16.713517,49.786648],[16.713574,49.78665],[16.713917,49.786608]]}},{"type":"Feature","properties":{"oid":23411,"mat":"PolyVinylChlorid (PVC)","dn":"90","rok":"1989","delka":"0,553","popis":"PVC 90 1989","obec":"572683","ku":"626074"},"geometry":{"type":"LineString","coordinates":[[16.713917,49.786608],[16.713915,49.786603]]}},{"type":"Feature","properties":{"oid":23412,"mat":"PolyVinylChlorid (PVC)","dn":"90","rok":"1989","delka":"26,378","popis":"PVC 90 1989","obec":"572683","ku":"626074"},"geometry":{"type":"LineString","coordinates":[[16.713915,49.786603],[16.713839,49.786371]]}},{"type":"Feature","properties":{"oid":23414,"mat":"PolyVinylChlorid (PVC)","dn":"110","rok":"1989","delka":"0,331","popis":"PVC 100 1989","obec":"572683","ku":"626074"},"geometry":{"type":"LineString","coordinates":[[16.713917,49.786608],[16.713921,49.786607]]}},{"type":"Feature","properties":{"oid":23415,"mat":"PolyVinylChlorid (PVC)","dn":"110","rok":"1989","delka":"136,533","popis":"PVC 100 1989","obec":"572683","ku":"626074"},"geometry":{"type":"LineString","coordinates":[[16.713921,49.786607],[16.714517,49.786495],[16.714831,49.786482],[16.715624,49.786561],[16.715779,49.786583]]}},{"type":"Feature","properties":{"oid":23417,"mat":"PolyVinylChlorid (PVC)","dn":"90","rok":"1989","delka":"34,233","popis":"PVC 90 1989","obec":"572683","ku":"626074"},"geometry":{"type":"LineString","coordinates":[[16.713797,49.785748],[16.713496,49.785526],[16.713483,49.785516]]}},{"type":"Feature","properties":{"oid":23418,"mat":"PolyVinylChlorid (PVC)","dn":"90","rok":"1989","delka":"0,224","popis":"PVC 90 1989","obec":"572683","ku":"626074"},"geometry":{"type":"LineString","coordinates":[[16.713483,49.785516],[16.713481,49.785515]]}},{"type":"Feature","properties":{"oid":23419,"mat":"PolyVinylChlorid (PVC)","dn":"90","rok":"1989","delka":"0,325","popis":"PVC 90 1989","obec":"572683","ku":"626074"},"geometry":{"type":"LineString","coordinates":[[16.712737,49.786148],[16.712741,49.786146]]}},{"type":"Feature","properties":{"oid":23420,"mat":"PolyVinylChlorid (PVC)","dn":"90","rok":"1989","delka":"76,299","popis":"PVC 90 1989","obec":"572683","ku":"626074"},"geometry":{"type":"LineString","coordinates":[[16.712741,49.786146],[16.71278,49.786139],[16.713156,49.786155],[16.713797,49.786184]]}},{"type":"Feature","properties":{"oid":23423,"mat":"PolyVinylChlorid (PVC)","dn":"90","rok":"1989","delka":"46,693","popis":"PVC 90 1989","obec":"572683","ku":"626074"},"geometry":{"type":"LineString","coordinates":[[16.713797,49.786167],[16.713797,49.785748]]}},{"type":"Feature","properties":{"oid":23424,"mat":"PolyVinylChlorid (PVC)","dn":"90","rok":"1989","delka":"20,99","popis":"PVC 90 1989","obec":"572683","ku":"626074"},"geometry":{"type":"LineString","coordinates":[[16.713839,49.786371],[16.713797,49.786184]]}},{"type":"Feature","properties":{"oid":23426,"mat":"PolyVinylChlorid (PVC)","dn":"90","rok":"1989","delka":"0,372","popis":"PVC 90 1989","obec":"572683","ku":"626074"},"geometry":{"type":"LineString","coordinates":[[16.713829,49.786372],[16.713834,49.786372]]}},{"type":"Feature","properties":{"oid":23427,"mat":"PolyVinylChlorid (PVC)","dn":"90","rok":"1989","delka":"1,58","popis":"PVC 90 1989","obec":"572683","ku":"626074"},"geometry":{"type":"LineString","coordinates":[[16.713797,49.786167],[16.713797,49.786176],[16.713797,49.786182]]}},{"type":"Feature","properties":{"oid":23432,"mat":"PolyVinylChlorid (PVC)","dn":"90","rok":"1989","delka":"0,424","popis":"PVC 100 1989","obec":"572683","ku":"626074"},"geometry":{"type":"LineString","coordinates":[[16.720082,49.786837],[16.720077,49.786839]]}},{"type":"Feature","properties":{"oid":23433,"mat":"Litina (Li)","dn":"80","rok":"2025","delka":"0,483","popis":"","obec":"572683","ku":"626074"},"geometry":{"type":"LineString","coordinates":[[16.716274,49.78814],[16.716277,49.788143]]}},{"type":"Feature","properties":{"oid":23434,"mat":"Litina (Li)","dn":"80","rok":"2025","delka":"0,382","popis":"","obec":"572683","ku":"626074"},"geometry":{"type":"LineString","coordinates":[[16.716277,49.788143],[16.71628,49.788146]]}},{"type":"Feature","properties":{"oid":23436,"mat":"PolyVinylChlorid (PVC)","dn":"160","rok":"1989","delka":"118,709","popis":"PVC 150 1989","obec":"572683","ku":"626074"},"geometry":{"type":"LineString","coordinates":[[16.716274,49.78814],[16.716277,49.788138],[16.716587,49.788022],[16.716999,49.787887],[16.71719,49.787827],[16.717325,49.78778],[16.717407,49.787744],[16.717476,49.787711],[16.717522,49.787694],[16.717699,49.787608]]}},{"type":"Feature","properties":{"oid":23437,"mat":"PolyVinylChlorid (PVC)","dn":"110","rok":"1989","delka":"87,351","popis":"PVC 100 1989","obec":"572683","ku":"626074"},"geometry":{"type":"LineString","coordinates":[[16.718189,49.787712],[16.718358,49.787699],[16.718832,49.787891],[16.719183,49.78806],[16.719204,49.788068],[16.719222,49.788076]]}},{"type":"Feature","properties":{"oid":23438,"mat":"PolyVinylChlorid (PVC)","dn":"110","rok":"1989","delka":"0,747","popis":"PVC 100 1989","obec":"572683","ku":"626074"},"geometry":{"type":"LineString","coordinates":[[16.717717,49.787599],[16.717709,49.787603]]}},{"type":"Feature","properties":{"oid":23440,"mat":"PolyVinylChlorid (PVC)","dn":"90","rok":"1989","delka":"0,39","popis":"PVC 100 1989","obec":"572683","ku":"626074"},"geometry":{"type":"LineString","coordinates":[[16.719226,49.788077],[16.719229,49.78808]]}},{"type":"Feature","properties":{"oid":23443,"mat":"PolyVinylChlorid (PVC)","dn":"90","rok":"1989","delka":"2,289","popis":"PVC 100 1989","obec":"572683","ku":"626074"},"geometry":{"type":"LineString","coordinates":[[16.715779,49.786583],[16.715785,49.786562]]}},{"type":"Feature","properties":{"oid":23444,"mat":"PolyVinylChlorid (PVC)","dn":"90","rok":"1989","delka":"0,268","popis":"PVC 100 1989","obec":"572683","ku":"626074"},"geometry":{"type":"LineString","coordinates":[[16.715785,49.786563],[16.715787,49.78656]]}},{"type":"Feature","properties":{"oid":23445,"mat":"PolyVinylChlorid (PVC)","dn":"90","rok":"1989","delka":"0,6","popis":"PVC 150 1989","obec":"572683","ku":"626074"},"geometry":{"type":"LineString","coordinates":[[16.718141,49.787123],[16.718146,49.787119]]}},{"type":"Feature","properties":{"oid":23446,"mat":"PolyVinylChlorid (PVC)","dn":"160","rok":"1989","delka":"86,699","popis":"PVC 150 1989","obec":"572683","ku":"626074"},"geometry":{"type":"LineString","coordinates":[[16.718146,49.787119],[16.718499,49.787328],[16.719141,49.787545],[16.719143,49.787545]]}},{"type":"Feature","properties":{"oid":23448,"mat":"PolyVinylChlorid (PVC)","dn":"90","rok":"1989","delka":"0,335","popis":"PVC 150 1989","obec":"572683","ku":"626074"},"geometry":{"type":"LineString","coordinates":[[16.719147,49.787551],[16.719145,49.787548]]}},{"type":"Feature","properties":{"oid":23449,"mat":"PolyVinylChlorid (PVC)","dn":"90","rok":"1989","delka":"0,177","popis":"PVC 150 1989","obec":"572683","ku":"626074"},"geometry":{"type":"LineString","coordinates":[[16.719145,49.787548],[16.719145,49.787546]]}},{"type":"Feature","properties":{"oid":23450,"mat":"PolyVinylChlorid (PVC)","dn":"110","rok":"1989","delka":"83,512","popis":"PVC 100 1989","obec":"572683","ku":"626074"},"geometry":{"type":"LineString","coordinates":[[16.719776,49.787139],[16.719613,49.787166],[16.719409,49.787185],[16.719166,49.787198],[16.719161,49.787198],[16.719144,49.787546]]}},{"type":"Feature","properties":{"oid":23453,"mat":"PolyVinylChlorid (PVC)","dn":"110","rok":"1989","delka":"58,704","popis":"PVC 100 1989","obec":"572683","ku":"626074"},"geometry":{"type":"LineString","coordinates":[[16.719781,49.787138],[16.720223,49.787028],[16.720236,49.787025],[16.720162,49.786926],[16.72011,49.786863],[16.720086,49.786836]]}},{"type":"Feature","properties":{"oid":23454,"mat":"PolyVinylChlorid (PVC)","dn":"160","rok":"1989","delka":"95,385","popis":"PVC 150 1989","obec":"572683","ku":"626074"},"geometry":{"type":"LineString","coordinates":[[16.71719,49.786835],[16.717253,49.787122],[16.717258,49.78715],[16.717266,49.787206],[16.71728,49.78722],[16.717328,49.787246],[16.717357,49.787269],[16.717392,49.787302],[16.717711,49.787593]]}},{"type":"Feature","properties":{"oid":23455,"mat":"PolyVinylChlorid (PVC)","dn":"110","rok":"1989","delka":"105,383","popis":"PVC 100 1989","obec":"572683","ku":"626074"},"geometry":{"type":"LineString","coordinates":[[16.715779,49.786583],[16.716982,49.786795],[16.717191,49.786832]]}},{"type":"Feature","properties":{"oid":23458,"mat":"PolyVinylChlorid (PVC)","dn":"160","rok":"1989","delka":"0,17","popis":"PVC 150 1989","obec":"572683","ku":"626074"},"geometry":{"type":"LineString","coordinates":[[16.717191,49.786832],[16.717193,49.786832]]}},{"type":"Feature","properties":{"oid":23459,"mat":"PolyVinylChlorid (PVC)","dn":"160","rok":"1989","delka":"76,585","popis":"PVC 150 1989","obec":"572683","ku":"626074"},"geometry":{"type":"LineString","coordinates":[[16.717193,49.786832],[16.71784,49.786976],[16.717852,49.78698],[16.718024,49.787046],[16.718146,49.787119]]}},{"type":"Feature","properties":{"oid":35780,"mat":"PolyEthylen (PE)","dn":"110","rok":"2023","delka":"119,981","popis":"","obec":"578789","ku":"754480"},"geometry":{"type":"LineString","coordinates":[[16.678915,49.794701],[16.678932,49.794713],[16.678947,49.79472],[16.678952,49.794724],[16.678958,49.794725],[16.679009,49.794702],[16.679019,49.794712],[16.679099,49.794798],[16.679165,49.794856],[16.67918,49.794876],[16.679217,49.794916],[16.679262,49.794961],[16.679307,49.795008],[16.679408,49.795088],[16.679456,49.795131],[16.679531,49.795193],[16.679561,49.795233],[16.679585,49.795253],[16.679589,49.795257],[16.679608,49.79527],[16.679665,49.795321],[16.679733,49.795398],[16.679769,49.795435],[16.679778,49.795444],[16.67983,49.795497],[16.679889,49.795476]]}},{"type":"Feature","properties":{"oid":35781,"mat":"PolyEthylen (PE)","dn":"110","rok":"2023","delka":"1,934","popis":"","obec":"578789","ku":"754480"},"geometry":{"type":"LineString","coordinates":[[16.679907,49.795479],[16.679902,49.795472],[16.679889,49.795476]]}},{"type":"Feature","properties":{"oid":35782,"mat":"PolyEthylen (PE)","dn":"90","rok":"2023","delka":"0,414","popis":"","obec":"578789","ku":"754480"},"geometry":{"type":"LineString","coordinates":[[16.679889,49.795476],[16.679893,49.795479]]}},{"type":"Feature","properties":{"oid":35783,"mat":"PolyEthylen (PE)","dn":"90","rok":"","delka":"0,366","popis":"","obec":"578789","ku":"754480"},"geometry":{"type":"LineString","coordinates":[[16.679893,49.795479],[16.679896,49.795482]]}},{"type":"Feature","properties":{"oid":50356,"mat":"PolyVinylChlorid (PVC)","dn":"110","rok":"1989","delka":"0,401","popis":"PVC 100 1989","obec":"572683","ku":"626074"},"geometry":{"type":"LineString","coordinates":[[16.719776,49.787139],[16.719779,49.787138],[16.719781,49.787138]]}},{"type":"Feature","properties":{"oid":57433,"mat":"Litina (Li)","dn":"80","rok":"2025","delka":"0,446","popis":"","obec":"572683","ku":"626074"},"geometry":{"type":"LineString","coordinates":[[16.715186,49.788537],[16.715187,49.788541]]}},{"type":"Feature","properties":{"oid":57434,"mat":"PolyVinylChlorid (PVC)","dn":"110","rok":"1989","delka":"42,937","popis":"PVC 100 1989","obec":"572683","ku":"626074"},"geometry":{"type":"LineString","coordinates":[[16.717721,49.787604],[16.717794,49.787697],[16.717831,49.787734],[16.717841,49.78774],[16.717856,49.787743],[16.717917,49.787738],[16.718008,49.787731],[16.718086,49.787724],[16.718133,49.787719],[16.718189,49.787712]]}},{"type":"Feature","properties":{"oid":57457,"mat":"PolyVinylChlorid (PVC)","dn":"110","rok":"1989","delka":"0,574","popis":"PVC 100 1989","obec":"572683","ku":"626074"},"geometry":{"type":"LineString","coordinates":[[16.717717,49.787599],[16.717721,49.787604]]}},{"type":"Feature","properties":{"oid":57458,"mat":"PolyVinylChlorid (PVC)","dn":"110","rok":"1989","delka":"0,902","popis":"PVC 100 1989","obec":"572683","ku":"626074"},"geometry":{"type":"LineString","coordinates":[[16.717709,49.787603],[16.717699,49.787608]]}},{"type":"Feature","properties":{"oid":57459,"mat":"PolyVinylChlorid (PVC)","dn":"110","rok":"1989","delka":"0,811","popis":"PVC 150 1989","obec":"572683","ku":"626074"},"geometry":{"type":"LineString","coordinates":[[16.717711,49.787593],[16.717717,49.787599]]}},{"type":"Feature","properties":{"oid":61007,"mat":"PolyEthylen (PE)","dn":"90","rok":"2025","delka":"73,821","popis":"","obec":"578789","ku":"754480"},"geometry":{"type":"LineString","coordinates":[[16.667281,49.794547],[16.667284,49.794562],[16.667285,49.794576],[16.66728,49.794623],[16.667282,49.794662],[16.667295,49.794738],[16.667304,49.79477],[16.667317,49.794817],[16.667318,49.794829],[16.667318,49.794836],[16.66733,49.794904],[16.667332,49.794923],[16.667341,49.794952],[16.667361,49.795006],[16.667371,49.79503],[16.667377,49.795042],[16.667383,49.795062],[16.667388,49.795079],[16.6674,49.795113],[16.667414,49.795168],[16.667423,49.795195],[16.667424,49.795202]]}},{"type":"Feature","properties":{"oid":61008,"mat":"PolyEthylen (PE)","dn":"90","rok":"2025","delka":"0,312","popis":"","obec":"578789","ku":"754480"},"geometry":{"type":"LineString","coordinates":[[16.667424,49.795202],[16.667424,49.795205]]}},{"type":"Feature","properties":{"oid":61032,"mat":"PolyEthylen (PE)","dn":"90","rok":"2025","delka":"0,633","popis":"","obec":"578789","ku":"754480"},"geometry":{"type":"LineString","coordinates":[[16.667424,49.795205],[16.667425,49.795211]]}},{"type":"Feature","properties":{"oid":61033,"mat":"PolyEthylen (PE)","dn":"90","rok":"2025","delka":"77,766","popis":"","obec":"578789","ku":"754480"},"geometry":{"type":"LineString","coordinates":[[16.667424,49.795202],[16.667437,49.795203],[16.667451,49.795201],[16.667486,49.795196],[16.66753,49.795192],[16.667566,49.795188],[16.667649,49.795177],[16.66769,49.795172],[16.667725,49.795167],[16.667774,49.795161],[16.667814,49.795156],[16.667854,49.79515],[16.667901,49.795143],[16.667942,49.795137],[16.667966,49.795133],[16.668049,49.795122],[16.668104,49.795117],[16.668191,49.795112],[16.668227,49.795107],[16.668248,49.795099],[16.668312,49.795091],[16.668347,49.795086],[16.668386,49.795079],[16.668431,49.795073],[16.66844,49.795072],[16.668443,49.795071],[16.668468,49.795069],[16.668481,49.795067]]}},{"type":"Feature","properties":{"oid":61034,"mat":"PolyEthylen (PE)","dn":"90","rok":"2025","delka":"0,331","popis":"","obec":"578789","ku":"754480"},"geometry":{"type":"LineString","coordinates":[[16.668481,49.795067],[16.668485,49.795066]]}},{"type":"Feature","properties":{"oid":65862,"mat":"neznámý (*)","dn":"150","rok":"","delka":"49,077","popis":"","obec":"578789","ku":"754480"},"geometry":{"type":"LineString","coordinates":[[16.661385,49.794228],[16.661543,49.794657]]}},{"type":"Feature","properties":{"oid":67865,"mat":"PolyVinylChlorid (PVC)","dn":"160","rok":"1988","delka":"79,535","popis":"PVC 150 1988","obec":"578789","ku":"754480"},"geometry":{"type":"LineString","coordinates":[[16.699781,49.788392],[16.699883,49.788352],[16.700125,49.78828],[16.700531,49.788184],[16.700813,49.788221]]}},{"type":"Feature","properties":{"oid":67866,"mat":"PolyVinylChlorid (PVC)","dn":"160","rok":"1988","delka":"0,222","popis":"PVC 150 1988","obec":"578789","ku":"754480"},"geometry":{"type":"LineString","coordinates":[[16.701994,49.788424],[16.701997,49.788424]]}},{"type":"Feature","properties":{"oid":67867,"mat":"PolyVinylChlorid (PVC)","dn":"160","rok":"1989","delka":"0,236","popis":"PVC 150 1988","obec":"572683","ku":"626074"},"geometry":{"type":"LineString","coordinates":[[16.7104,49.789603],[16.710404,49.789603]]}},{"type":"Feature","properties":{"oid":67869,"mat":"PolyVinylChlorid (PVC)","dn":"160","rok":"1989","delka":"66,091","popis":"PVC 150 1988","obec":"572683","ku":"626074"},"geometry":{"type":"LineString","coordinates":[[16.714409,49.788857],[16.714683,49.788754],[16.715183,49.788538]]}},{"type":"Feature","properties":{"oid":67870,"mat":"PolyVinylChlorid (PVC)","dn":"160","rok":"1989","delka":"0,255","popis":"","obec":"572683","ku":"626074"},"geometry":{"type":"LineString","coordinates":[[16.715183,49.788538],[16.715186,49.788537]]}},{"type":"Feature","properties":{"oid":67871,"mat":"PolyVinylChlorid (PVC)","dn":"90","rok":"1989","delka":"0,26","popis":"PVC 100 1989","obec":"572683","ku":"626074"},"geometry":{"type":"LineString","coordinates":[[16.719222,49.788076],[16.719226,49.788077]]}},{"type":"Feature","properties":{"oid":67872,"mat":"PolyVinylChlorid (PVC)","dn":"160","rok":"1989","delka":"0,382","popis":"PVC 150 1989","obec":"572683","ku":"626074"},"geometry":{"type":"LineString","coordinates":[[16.717191,49.786832],[16.71719,49.786835]]}},{"type":"Feature","properties":{"oid":67911,"mat":"PolyVinylChlorid (PVC)","dn":"90","rok":"1989","delka":"0,186","popis":"PVC 90 1989","obec":"572683","ku":"626074"},"geometry":{"type":"LineString","coordinates":[[16.715211,49.785014],[16.715212,49.785013]]}},{"type":"Feature","properties":{"oid":67912,"mat":"PolyVinylChlorid (PVC)","dn":"160","rok":"1989","delka":"50,243","popis":"PVC 160 1989","obec":"572683","ku":"626074"},"geometry":{"type":"LineString","coordinates":[[16.709962,49.788215],[16.709832,49.787771]]}},{"type":"Feature","properties":{"oid":67914,"mat":"PolyVinylChlorid (PVC)","dn":"90","rok":"1989","delka":"0,213","popis":"PVC 100 1989","obec":"572683","ku":"626074"},"geometry":{"type":"LineString","coordinates":[[16.711329,49.786803],[16.711331,49.786801]]}},{"type":"Feature","properties":{"oid":67921,"mat":"PolyVinylChlorid (PVC)","dn":"110","rok":"1989","delka":"0,131","popis":"PVC 150 1989","obec":"572683","ku":"626074"},"geometry":{"type":"LineString","coordinates":[[16.719143,49.787545],[16.719144,49.787546]]}},{"type":"Feature","properties":{"oid":67922,"mat":"PolyVinylChlorid (PVC)","dn":"90","rok":"1989","delka":"0,11","popis":"PVC 150 1989","obec":"572683","ku":"626074"},"geometry":{"type":"LineString","coordinates":[[16.719145,49.787546],[16.719144,49.787546]]}},{"type":"Feature","properties":{"oid":67923,"mat":"PolyVinylChlorid (PVC)","dn":"90","rok":"1989","delka":"0,315","popis":"PVC 100 1989","obec":"572683","ku":"626074"},"geometry":{"type":"LineString","coordinates":[[16.720086,49.786836],[16.720082,49.786837]]}},{"type":"Feature","properties":{"oid":67924,"mat":"PolyVinylChlorid (PVC)","dn":"90","rok":"1989","delka":"0,367","popis":"PVC 90 1989","obec":"572683","ku":"626074"},"geometry":{"type":"LineString","coordinates":[[16.713834,49.786372],[16.713839,49.786371]]}},{"type":"Feature","properties":{"oid":67925,"mat":"PolyVinylChlorid (PVC)","dn":"90","rok":"1989","delka":"0,296","popis":"PVC 90 1989","obec":"572683","ku":"626074"},"geometry":{"type":"LineString","coordinates":[[16.713797,49.786184],[16.713797,49.786182]]}},{"type":"Feature","properties":{"oid":67978,"mat":"PolyVinylChlorid (PVC)","dn":"90","rok":"1988","delka":"0,262","popis":"","obec":"572683","ku":"626074"},"geometry":{"type":"LineString","coordinates":[[16.706078,49.786849],[16.706082,49.786849]]}},{"type":"Feature","properties":{"oid":69487,"mat":"PolyVinylChlorid (PVC)","dn":"100","rok":"1980","delka":"155,315","popis":"PVC 100 1980 - 1420m","obec":"578282","ku":"677141"},"geometry":{"type":"LineString","coordinates":[[16.659322,49.783888],[16.658892,49.78329],[16.658685,49.783034],[16.658583,49.782941],[16.658487,49.782905],[16.658285,49.782837],[16.658152,49.782762]]}},{"type":"Feature","properties":{"oid":69488,"mat":"PolyVinylChlorid (PVC)","dn":"100","rok":"1980","delka":"57,936","popis":"PVC 100 1980 - 1420m","obec":"578282","ku":"677141"},"geometry":{"type":"LineString","coordinates":[[16.659697,49.784347],[16.659563,49.784132],[16.659322,49.783888]]}},{"type":"Feature","properties":{"oid":69491,"mat":"PolyVinylChlorid (PVC)","dn":"100","rok":"1980","delka":"184,441","popis":"PVC 100 1980 - 1420m","obec":"578282","ku":"677141"},"geometry":{"type":"LineString","coordinates":[[16.660612,49.785884],[16.660441,49.785358],[16.660353,49.785217],[16.659948,49.784669],[16.659782,49.784457],[16.659697,49.784347]]}},{"type":"Feature","properties":{"oid":69537,"mat":"PolyVinylChlorid (PVC)","dn":"160","rok":"2013","delka":"10,67","popis":"","obec":"578789","ku":"754480"},"geometry":{"type":"LineString","coordinates":[[16.67198,49.793994],[16.67192,49.794001],[16.671835,49.794012]]}},{"type":"Feature","properties":{"oid":69539,"mat":"PolyEthylen (PE)","dn":"90","rok":"2021","delka":"48,473","popis":"PE 90 2021","obec":"578789","ku":"754480"},"geometry":{"type":"LineString","coordinates":[[16.6728,49.793841],[16.672758,49.793787],[16.672712,49.793728],[16.672691,49.793688],[16.672687,49.793678],[16.672675,49.793643],[16.672671,49.793625],[16.672664,49.793599],[16.672649,49.793515],[16.672626,49.793425]]}},{"type":"Feature","properties":{"oid":69540,"mat":"PolyEthylen (PE)","dn":"90","rok":"2021","delka":"0,571","popis":"PE 90 2021","obec":"578789","ku":"754480"},"geometry":{"type":"LineString","coordinates":[[16.672476,49.792882],[16.672477,49.792877]]}},{"type":"Feature","properties":{"oid":69541,"mat":"PolyEthylen (PE)","dn":"63","rok":"2021","delka":"0,297","popis":"PE 63 2021","obec":"578789","ku":"754480"},"geometry":{"type":"LineString","coordinates":[[16.672626,49.793425],[16.67263,49.793424]]}},{"type":"Feature","properties":{"oid":69543,"mat":"PolyEthylen (PE)","dn":"90","rok":"2016","delka":"0,297","popis":"","obec":"578789","ku":"754480"},"geometry":{"type":"LineString","coordinates":[[16.674118,49.793847],[16.674119,49.793849]]}},{"type":"Feature","properties":{"oid":69544,"mat":"PolyEthylen (PE)","dn":"160","rok":"2016","delka":"0,528","popis":"PE 160 2016","obec":"578789","ku":"754480"},"geometry":{"type":"LineString","coordinates":[[16.675304,49.793514],[16.675311,49.793513]]}},{"type":"Feature","properties":{"oid":69545,"mat":"Litina (Li)","dn":"80","rok":"2016","delka":"0,567","popis":"","obec":"578789","ku":"754480"},"geometry":{"type":"LineString","coordinates":[[16.674898,49.792617],[16.674897,49.792612]]}},{"type":"Feature","properties":{"oid":69546,"mat":"Litina (Li)","dn":"80","rok":"2017","delka":"0,294","popis":"","obec":"578789","ku":"754480"},"geometry":{"type":"LineString","coordinates":[[16.673497,49.792594],[16.673497,49.792597]]}},{"type":"Feature","properties":{"oid":69547,"mat":"Litina (Li)","dn":"80","rok":"2017","delka":"0,209","popis":"","obec":"578789","ku":"754480"},"geometry":{"type":"LineString","coordinates":[[16.672685,49.791872],[16.672688,49.791871]]}},{"type":"Feature","properties":{"oid":69550,"mat":"PolyEthylen (PE)","dn":"110","rok":"2017","delka":"0,222","popis":"","obec":"578789","ku":"754480"},"geometry":{"type":"LineString","coordinates":[[16.672377,49.791961],[16.672379,49.791962]]}},{"type":"Feature","properties":{"oid":69551,"mat":"PolyEthylen (PE)","dn":"90","rok":"2021","delka":"0,3","popis":"","obec":"578789","ku":"754480"},"geometry":{"type":"LineString","coordinates":[[16.672192,49.792011],[16.672188,49.792011]]}},{"type":"Feature","properties":{"oid":69553,"mat":"PolyVinylChlorid (PVC)","dn":"80","rok":"2001","delka":"0,614","popis":"PVC 80 2001","obec":"578789","ku":"754480"},"geometry":{"type":"LineString","coordinates":[[16.676434,49.793537],[16.676434,49.793543]]}},{"type":"Feature","properties":{"oid":69554,"mat":"PolyVinylChlorid (PVC)","dn":"80","rok":"2001","delka":"21,495","popis":"PVC 80 2001","obec":"578789","ku":"754480"},"geometry":{"type":"LineString","coordinates":[[16.676787,49.792478],[16.676758,49.792474],[16.676728,49.792622],[16.676721,49.792646]]}},{"type":"Feature","properties":{"oid":69555,"mat":"Litina (Li)","dn":"80","rok":"2001","delka":"0,717","popis":"PVC 80 2001","obec":"578789","ku":"754480"},"geometry":{"type":"LineString","coordinates":[[16.676797,49.79248],[16.676787,49.792478]]}},{"type":"Feature","properties":{"oid":69556,"mat":"PolyVinylChlorid (PVC)","dn":"80","rok":"2001","delka":"0,995","popis":"PVC 80 2001","obec":"578789","ku":"754480"},"geometry":{"type":"LineString","coordinates":[[16.676721,49.792646],[16.676734,49.792649]]}},{"type":"Feature","properties":{"oid":69557,"mat":"PolyVinylChlorid (PVC)","dn":"90","rok":"2008","delka":"0,379","popis":"PVC 90 2008","obec":"578789","ku":"754480"},"geometry":{"type":"LineString","coordinates":[[16.677901,49.792029],[16.677904,49.792026]]}},{"type":"Feature","properties":{"oid":69558,"mat":"PolyVinylChlorid (PVC)","dn":"90","rok":"2008","delka":"5,229","popis":"PVC 90 2008","obec":"578789","ku":"754480"},"geometry":{"type":"LineString","coordinates":[[16.67787,49.792071],[16.677901,49.792029]]}},{"type":"Feature","properties":{"oid":69559,"mat":"PolyVinylChlorid (PVC)","dn":"90","rok":"2016","delka":"0,223","popis":"PVC 90 2016","obec":"578789","ku":"754480"},"geometry":{"type":"LineString","coordinates":[[16.677353,49.791891],[16.677351,49.791889]]}},{"type":"Feature","properties":{"oid":69560,"mat":"PolyVinylChlorid (PVC)","dn":"90","rok":"2008","delka":"19,829","popis":"PVC 90 2008","obec":"578789","ku":"754480"},"geometry":{"type":"LineString","coordinates":[[16.677745,49.79223],[16.67787,49.792071]]}},{"type":"Feature","properties":{"oid":69561,"mat":"PolyVinylChlorid (PVC)","dn":"90","rok":"2016","delka":"0,281","popis":"PVC 90 2016","obec":"578789","ku":"754480"},"geometry":{"type":"LineString","coordinates":[[16.678484,49.792495],[16.678482,49.792493]]}},{"type":"Feature","properties":{"oid":69562,"mat":"PolyVinylChlorid (PVC)","dn":"90","rok":"2004","delka":"0,256","popis":"","obec":"578789","ku":"754480"},"geometry":{"type":"LineString","coordinates":[[16.679035,49.793211],[16.679038,49.793212]]}},{"type":"Feature","properties":{"oid":69563,"mat":"PolyEthylen (PE)","dn":"160","rok":"2016","delka":"0,543","popis":"PE 160 2016","obec":"578789","ku":"754480"},"geometry":{"type":"LineString","coordinates":[[16.676442,49.793543],[16.676434,49.793543]]}},{"type":"Feature","properties":{"oid":69564,"mat":"PolyEthylen (PE)","dn":"110","rok":"2015","delka":"0,396","popis":"PE 110 2015","obec":"578789","ku":"754480"},"geometry":{"type":"LineString","coordinates":[[16.676468,49.794915],[16.676471,49.794912]]}},{"type":"Feature","properties":{"oid":69565,"mat":"PolyEthylen (PE)","dn":"160","rok":"2016","delka":"40,479","popis":"PE 160 2016","obec":"578789","ku":"754480"},"geometry":{"type":"LineString","coordinates":[[16.679424,49.792999],[16.679418,49.792999],[16.679337,49.793003],[16.679258,49.793004],[16.679252,49.793004],[16.679244,49.793004],[16.67924,49.793007],[16.679219,49.793029],[16.679155,49.793097],[16.679107,49.793143],[16.67907,49.793182],[16.679038,49.793212]]}},{"type":"Feature","properties":{"oid":69567,"mat":"PolyEthylen (PE)","dn":"160","rok":"2016","delka":"3,369","popis":"PE 160 2016","obec":"578789","ku":"754480"},"geometry":{"type":"LineString","coordinates":[[16.67947,49.792996],[16.679424,49.792999]]}},{"type":"Feature","properties":{"oid":69568,"mat":"PolyEthylen (PE)","dn":"160","rok":"2016","delka":"68,032","popis":"PE 160 2016","obec":"578789","ku":"754480"},"geometry":{"type":"LineString","coordinates":[[16.680406,49.792924],[16.68037,49.79293],[16.680329,49.792937],[16.68028,49.792944],[16.680147,49.792955],[16.680109,49.792958],[16.680046,49.792962],[16.679916,49.792967],[16.679846,49.79297],[16.679679,49.792973],[16.67948,49.792995],[16.67947,49.792996]]}},{"type":"Feature","properties":{"oid":69569,"mat":"PolyEthylen (PE)","dn":"160","rok":"2016","delka":"0,455","popis":"PE 160 2016","obec":"578789","ku":"754480"},"geometry":{"type":"LineString","coordinates":[[16.681898,49.792084],[16.681893,49.792087]]}},{"type":"Feature","properties":{"oid":69570,"mat":"PolyEthylen (PE)","dn":"160","rok":"2016","delka":"0,087","popis":"PE 160 2016","obec":"578789","ku":"754480"},"geometry":{"type":"LineString","coordinates":[[16.681893,49.792087],[16.681892,49.792087]]}},{"type":"Feature","properties":{"oid":69571,"mat":"Litina (Li)","dn":"80","rok":"2017","delka":"0,226","popis":"","obec":"578789","ku":"754480"},"geometry":{"type":"LineString","coordinates":[[16.677508,49.794441],[16.677506,49.794443]]}},{"type":"Feature","properties":{"oid":69574,"mat":"Litina (Li)","dn":"80","rok":"2017","delka":"0,305","popis":"PE 110 2017","obec":"578789","ku":"754480"},"geometry":{"type":"LineString","coordinates":[[16.678005,49.794609],[16.678007,49.794606]]}},{"type":"Feature","properties":{"oid":69575,"mat":"Litina (Li)","dn":"80","rok":"2017","delka":"0,272","popis":"PE 110 2017","obec":"578789","ku":"754480"},"geometry":{"type":"LineString","coordinates":[[16.678007,49.794606],[16.678009,49.794604]]}},{"type":"Feature","properties":{"oid":69585,"mat":"Litina (Li)","dn":"80","rok":"2017","delka":"0,218","popis":"","obec":"578789","ku":"754480"},"geometry":{"type":"LineString","coordinates":[[16.680097,49.794011],[16.6801,49.794012]]}},{"type":"Feature","properties":{"oid":69586,"mat":"PolyEthylen (PE)","dn":"110","rok":"2018","delka":"0,105","popis":"PE 110 2018","obec":"578789","ku":"754480"},"geometry":{"type":"LineString","coordinates":[[16.68029,49.793948],[16.680291,49.793948]]}},{"type":"Feature","properties":{"oid":69587,"mat":"PolyEthylen (PE)","dn":"110","rok":"2018","delka":"4,525","popis":"PE 110 2018","obec":"578789","ku":"754480"},"geometry":{"type":"LineString","coordinates":[[16.680291,49.793948],[16.680306,49.793957],[16.680312,49.793966],[16.680332,49.793979]]}},{"type":"Feature","properties":{"oid":69588,"mat":"PolyEthylen (PE)","dn":"90","rok":"2018","delka":"0,487","popis":"","obec":"578789","ku":"754480"},"geometry":{"type":"LineString","coordinates":[[16.680344,49.79397],[16.680348,49.793967]]}},{"type":"Feature","properties":{"oid":69589,"mat":"PolyEthylen (PE)","dn":"110","rok":"2018","delka":"0,806","popis":"","obec":"578789","ku":"754480"},"geometry":{"type":"LineString","coordinates":[[16.681832,49.794516],[16.681838,49.79451]]}},{"type":"Feature","properties":{"oid":69590,"mat":"Litina (Li)","dn":"80","rok":"1980","delka":"28,245","popis":"LT 80 1980","obec":"578789","ku":"754480"},"geometry":{"type":"LineString","coordinates":[[16.680718,49.793092],[16.680689,49.7932],[16.680663,49.793269],[16.680643,49.793338],[16.680642,49.793341]]}},{"type":"Feature","properties":{"oid":69591,"mat":"PolyVinylChlorid (PVC)","dn":"110","rok":"1976","delka":"0,638","popis":"PVC 110 1976","obec":"578789","ku":"754480"},"geometry":{"type":"LineString","coordinates":[[16.680643,49.793338],[16.68065,49.793341]]}},{"type":"Feature","properties":{"oid":69592,"mat":"Litina (Li)","dn":"80","rok":"1976","delka":"0,266","popis":"","obec":"578789","ku":"754480"},"geometry":{"type":"LineString","coordinates":[[16.681322,49.793227],[16.681325,49.793228]]}},{"type":"Feature","properties":{"oid":69593,"mat":"Litina (Li)","dn":"80","rok":"1976","delka":"0,047","popis":"","obec":"578789","ku":"754480"},"geometry":{"type":"LineString","coordinates":[[16.681325,49.793228],[16.681326,49.793228]]}},{"type":"Feature","properties":{"oid":69594,"mat":"PolyVinylChlorid (PVC)","dn":"110","rok":"1976","delka":"3,562","popis":"PVC 110 1976","obec":"578789","ku":"754480"},"geometry":{"type":"LineString","coordinates":[[16.680718,49.793092],[16.680734,49.793062]]}},{"type":"Feature","properties":{"oid":69595,"mat":"PolyEthylen (PE)","dn":"110","rok":"2012","delka":"0,512","popis":"","obec":"578789","ku":"754480"},"geometry":{"type":"LineString","coordinates":[[16.679424,49.792999],[16.679422,49.792994]]}},{"type":"Feature","properties":{"oid":69596,"mat":"PolyEthylen (PE)","dn":"110","rok":"2012","delka":"8,64","popis":"PE 110 2012","obec":"578789","ku":"754480"},"geometry":{"type":"LineString","coordinates":[[16.681374,49.791237],[16.681464,49.791186]]}},{"type":"Feature","properties":{"oid":69597,"mat":"PolyEthylen (PE)","dn":"110","rok":"2012","delka":"0,746","popis":"PE 110 2012","obec":"578789","ku":"754480"},"geometry":{"type":"LineString","coordinates":[[16.681464,49.791186],[16.681469,49.791184],[16.681473,49.791184]]}},{"type":"Feature","properties":{"oid":69598,"mat":"Litina (Li)","dn":"80","rok":"2012","delka":"0,216","popis":"","obec":"578789","ku":"754480"},"geometry":{"type":"LineString","coordinates":[[16.681462,49.791184],[16.68146,49.791182]]}},{"type":"Feature","properties":{"oid":69599,"mat":"PolyEthylen (PE)","dn":"90","rok":"2022","delka":"0,594","popis":"PE 90 2022","obec":"578789","ku":"754480"},"geometry":{"type":"LineString","coordinates":[[16.682449,49.791438],[16.682444,49.791433]]}},{"type":"Feature","properties":{"oid":69600,"mat":"PolyEthylen (PE)","dn":"110","rok":"2022","delka":"12,83","popis":"PE 110 2022","obec":"578789","ku":"754480"},"geometry":{"type":"LineString","coordinates":[[16.681898,49.792084],[16.681952,49.79206],[16.681996,49.792044],[16.682011,49.792025],[16.682015,49.792007]]}},{"type":"Feature","properties":{"oid":69601,"mat":"PolyEthylen (PE)","dn":"90","rok":"2022","delka":"0,166","popis":"PE 90 2022","obec":"578789","ku":"754480"},"geometry":{"type":"LineString","coordinates":[[16.682015,49.792007],[16.682013,49.792006]]}},{"type":"Feature","properties":{"oid":69602,"mat":"PolyEthylen (PE)","dn":"110","rok":"2022","delka":"0,629","popis":"PE 110 2022","obec":"578789","ku":"754480"},"geometry":{"type":"LineString","coordinates":[[16.682449,49.791438],[16.682453,49.791433]]}},{"type":"Feature","properties":{"oid":69603,"mat":"PolyEthylen (PE)","dn":"90","rok":"2022","delka":"0,259","popis":"PE 90 2022","obec":"578789","ku":"754480"},"geometry":{"type":"LineString","coordinates":[[16.683492,49.790376],[16.683494,49.790378]]}},{"type":"Feature","properties":{"oid":69605,"mat":"PolyEthylen (PE)","dn":"90","rok":"2022","delka":"139,6","popis":"PE 90 2022","obec":"578789","ku":"754480"},"geometry":{"type":"LineString","coordinates":[[16.682453,49.791433],[16.68256,49.791307],[16.682562,49.791304],[16.682627,49.791229],[16.682697,49.791144],[16.682765,49.791058],[16.682851,49.790967],[16.682934,49.790884],[16.683016,49.790806],[16.683101,49.790728],[16.683179,49.790652],[16.683248,49.790588],[16.683327,49.790523],[16.683411,49.790447],[16.683478,49.790386],[16.683492,49.790376]]}},{"type":"Feature","properties":{"oid":69606,"mat":"PolyEthylen (PE)","dn":"90","rok":"2022","delka":"3,043","popis":"PE 90 2022","obec":"578789","ku":"754480"},"geometry":{"type":"LineString","coordinates":[[16.684834,49.789119],[16.684854,49.789095]]}},{"type":"Feature","properties":{"oid":69607,"mat":"Litina (Li)","dn":"80","rok":"2022","delka":"0,416","popis":"","obec":"578789","ku":"754480"},"geometry":{"type":"LineString","coordinates":[[16.684846,49.789123],[16.68485,49.789125]]}},{"type":"Feature","properties":{"oid":69617,"mat":"PolyVinylChlorid (PVC)","dn":"90","rok":"2008","delka":"5,654","popis":"PVC 90 2008","obec":"578789","ku":"754480"},"geometry":{"type":"LineString","coordinates":[[16.686784,49.785151],[16.686735,49.785191]]}},{"type":"Feature","properties":{"oid":69618,"mat":"Litina (Li)","dn":"80","rok":"2008","delka":"0,216","popis":"","obec":"578789","ku":"754480"},"geometry":{"type":"LineString","coordinates":[[16.686735,49.785191],[16.686733,49.78519]]}},{"type":"Feature","properties":{"oid":69619,"mat":"PolyEthylen (PE)","dn":"90","rok":"2018","delka":"0,238","popis":"PE 90 2018","obec":"578789","ku":"754480"},"geometry":{"type":"LineString","coordinates":[[16.68678,49.78515],[16.686784,49.785151]]}},{"type":"Feature","properties":{"oid":69620,"mat":"Litina (Li)","dn":"80","rok":"2018","delka":"0,24","popis":"","obec":"578789","ku":"754480"},"geometry":{"type":"LineString","coordinates":[[16.687501,49.783709],[16.687504,49.78371]]}},{"type":"Feature","properties":{"oid":69621,"mat":"","dn":"","rok":"","delka":"","popis":"","obec":"578789","ku":"754480"},"geometry":{"type":"LineString","coordinates":[[16.689024,49.782496],[16.689027,49.7825]]}},{"type":"Feature","properties":{"oid":69622,"mat":"neznámý (*)","dn":"neznámé","rok":"","delka":"0,266","popis":"","obec":"578789","ku":"754480"},"geometry":{"type":"LineString","coordinates":[[16.681893,49.792087],[16.681895,49.792089]]}},{"type":"Feature","properties":{"oid":69623,"mat":"PolyEthylen (PE)","dn":"63","rok":"2017","delka":"0,148","popis":"PE 63 2017","obec":"578789","ku":"754480"},"geometry":{"type":"LineString","coordinates":[[16.694421,49.790321],[16.694422,49.790322]]}},{"type":"Feature","properties":{"oid":69624,"mat":"PolyVinylChlorid (PVC)","dn":"150","rok":"1988","delka":"72,078","popis":"PVC 150 1988","obec":"578789","ku":"754480"},"geometry":{"type":"LineString","coordinates":[[16.694421,49.790321],[16.695277,49.789985]]}},{"type":"Feature","properties":{"oid":69625,"mat":"Litina (Li)","dn":"80","rok":"1988","delka":"0,217","popis":"","obec":"578789","ku":"754480"},"geometry":{"type":"LineString","coordinates":[[16.695272,49.78998],[16.695274,49.789982]]}},{"type":"Feature","properties":{"oid":71026,"mat":"PolyVinylChlorid (PVC)","dn":"90","rok":"1987","delka":"0,543","popis":"PVC 80 1987","obec":"578789","ku":"754471"},"geometry":{"type":"LineString","coordinates":[[16.655791,49.803144],[16.655784,49.803142]]}},{"type":"Feature","properties":{"oid":71028,"mat":"PolyVinylChlorid (PVC)","dn":"90","rok":"1987","delka":"84,619","popis":"PVC 80 1987","obec":"578789","ku":"754471"},"geometry":{"type":"LineString","coordinates":[[16.656902,49.803388],[16.65681,49.80337],[16.656683,49.803348],[16.656335,49.80329],[16.656249,49.803265],[16.656117,49.803226],[16.656106,49.803223],[16.655938,49.803186],[16.655819,49.803152],[16.655812,49.80315],[16.655791,49.803144]]}},{"type":"Feature","properties":{"oid":71030,"mat":"PolyVinylChlorid (PVC)","dn":"80","rok":"1987","delka":"6,202","popis":"PVC 80 1987","obec":"578789","ku":"754471"},"geometry":{"type":"LineString","coordinates":[[16.658264,49.803843],[16.658192,49.803812]]}},{"type":"Feature","properties":{"oid":71032,"mat":"PolyVinylChlorid (PVC)","dn":"90","rok":"1987","delka":"51,46","popis":"PVC 80 1987","obec":"578789","ku":"754471"},"geometry":{"type":"LineString","coordinates":[[16.659838,49.804173],[16.659734,49.804153],[16.659564,49.80412],[16.659557,49.804119],[16.659311,49.804075],[16.659173,49.804049],[16.659151,49.804045]]}},{"type":"Feature","properties":{"oid":71034,"mat":"PolyVinylChlorid (PVC)","dn":"90","rok":"1987","delka":"90,43","popis":"","obec":"578789","ku":"754471"},"geometry":{"type":"LineString","coordinates":[[16.659933,49.804194],[16.660002,49.804212],[16.660223,49.804262],[16.660303,49.804271],[16.660308,49.804271],[16.66035,49.804269],[16.660653,49.804249],[16.660839,49.804223],[16.660978,49.804191],[16.66113,49.804132]]}},{"type":"Feature","properties":{"oid":71036,"mat":"PolyVinylChlorid (PVC)","dn":"110","rok":"1986","delka":"161,567","popis":"PVC 100 1986","obec":"578789","ku":"754471"},"geometry":{"type":"LineString","coordinates":[[16.660533,49.802807],[16.660475,49.803031],[16.660241,49.803701],[16.659844,49.804175]]}}]}